time,sp_ACCX,sp_ACCY,sp_ACCZ,sp_Yaw,sp_Pitch,sp_Roll
2020-07-28T09:34:34.174217000Z,-0.6480899999999999,0.059729,1.0962429999999999,-78.649512,42.06878,0.889716
2020-07-28T09:34:34.194382000Z,-0.28917,-0.108107,1.029938,-79.072048,41.519348,-0.065897
2020-07-28T09:34:34.214547000Z,-0.387725,0.0013319999999999999,0.476825,-79.43486399999999,40.71262,-0.8756889999999999
2020-07-28T09:34:34.234713000Z,-0.04926,0.006214,-0.084615,-79.777,39.767292,-1.596681
2020-07-28T09:34:34.254879000Z,0.34810399999999997,0.183997,0.136895,-80.127296,38.771452,-2.396948
2020-07-28T09:34:34.275044000Z,0.469585,0.386065,0.706415,-80.475432,37.622707999999996,-3.4304449999999997
2020-07-28T09:34:34.295209000Z,0.27760999999999997,0.15029599999999999,0.44281499999999996,-80.76235199999999,36.329476,-4.691763
2020-07-28T09:34:34.315373000Z,-0.250126,-0.108389,-0.6441899999999999,-81.061024,35.158896,-5.885438
2020-07-28T09:34:34.335540000Z,-0.48521899999999996,-0.154603,-1.034679,-81.49376,34.209936,-6.882416999999999
2020-07-28T09:34:34.355705000Z,-0.23615599999999998,0.141393,-0.23721499999999998,-82.02987999999999,33.392586,-7.5843799999999995
2020-07-28T09:34:34.375870000Z,0.029523999999999998,0.349665,0.343887,-82.51727199999999,32.601956,-8.035734
2020-07-28T09:34:34.396035000Z,0.251996,0.398435,0.785617,-82.850824,31.678131999999998,-8.528278
2020-07-28T09:34:34.416199000Z,0.030268,0.11749,0.929229,-83.048424,30.448083999999998,-9.037137999999999
2020-07-28T09:34:34.436366000Z,-0.32415099999999997,-0.063275,0.112311,-83.29966399999999,28.832656,-9.440998
2020-07-28T09:34:34.456530000Z,-0.9184589999999999,-0.273712,0.114309,-83.827736,26.939163999999998,-9.541440999999999
2020-07-28T09:34:34.476696000Z,-1.040691,-0.100673,-0.511595,-84.480808,25.06437,-9.273973
2020-07-28T09:34:34.496861000Z,-0.692641,-0.045118,-0.665863,-85.097544,23.456851999999998,-9.133649
2020-07-28T09:34:34.517026000Z,-0.320702,-0.043699999999999996,-0.7410059999999999,-85.555504,22.324289999999998,-8.988185
2020-07-28T09:34:34.537191000Z,0.034142,0.136902,-0.5709839999999999,-85.797584,21.574313999999998,-8.896972
2020-07-28T09:34:34.557357000Z,0.39818899999999996,0.050355,0.179273,-85.78688,20.898594,-8.962693
2020-07-28T09:34:34.577522000Z,-0.014813,0.087811,0.18431899999999998,-85.393216,20.145196,-8.900739999999999
2020-07-28T09:34:34.597687000Z,-0.193161,0.454673,-0.520169,-84.567064,19.273028,-8.721517
2020-07-28T09:34:34.617853000Z,0.097771,0.49424199999999996,-1.105257,-83.16516,18.286006,-8.870567
2020-07-28T09:34:34.638018000Z,-0.08988399999999999,0.361375,-2.197648,-81.26569599999999,17.490289999999998,-9.368732
2020-07-28T09:34:34.658183000Z,-0.29522499999999996,0.87922,-1.9298689999999998,-79.503576,17.29316,-9.626064
2020-07-28T09:34:34.678348000Z,-0.295914,-0.196101,-2.517664,-79.035088,18.175448,-9.145531
2020-07-28T09:34:34.698514000Z,-0.802657,0.37568399999999996,-1.8800089999999998,-79.498752,19.69072,-9.558796
2020-07-28T09:34:34.718679000Z,-0.642632,0.680178,-1.13388,-80.324112,21.707743999999998,-11.122568
2020-07-28T09:34:34.738844000Z,-1.094175,0.7782709999999999,-1.055172,-81.55143199999999,24.114406,-13.218368
2020-07-28T09:34:34.759010000Z,-1.010406,0.710712,-0.211532,-83.371376,26.628584,-15.186921
2020-07-28T09:34:34.779175000Z,-0.487147,0.853493,1.201998,-85.872208,28.758846,-16.716501
2020-07-28T09:34:34.799340000Z,1.914572,-0.013510999999999999,2.1929499999999997,-88.733888,29.914824,-17.255734
2020-07-28T09:34:34.819505000Z,1.620561,0.772547,1.299648,-90.97375199999999,29.861486,-17.590508
2020-07-28T09:34:34.839671000Z,0.49222,0.825653,0.5346489999999999,-92.700936,29.205869999999997,-18.418722
2020-07-28T09:34:34.859836000Z,0.035286,0.012324,0.590834,-94.32947999999999,28.271431999999997,-19.946683999999998
2020-07-28T09:34:34.880001000Z,-0.292406,0.270733,1.074292,-96.41317599999999,27.148526,-21.597535999999998
2020-07-28T09:34:34.900166000Z,0.919584,0.524867,1.400668,-98.7676,25.582774,-23.510752
2020-07-28T09:34:34.920332000Z,2.2600029999999998,0.348248,0.8757689999999999,-101.11177599999999,23.368812,-25.087564
2020-07-28T09:34:34.940497000Z,1.8949719999999999,-0.196482,0.074449,-103.09478399999999,20.936619999999998,-25.810821999999998
2020-07-28T09:34:34.960662000Z,1.117844,0.289786,-0.516488,-104.969752,18.832138,-26.202268
2020-07-28T09:34:34.980828000Z,0.97619,0.39683599999999997,-0.751222,-106.83379199999999,17.253028,-26.774772
2020-07-28T09:34:35.000993000Z,0.44195199999999996,0.788024,-0.9216059999999999,-109.08553599999999,16.24205,-27.634324
2020-07-28T09:34:35.021158000Z,0.00629,0.326773,-0.583503,-111.99248,15.875732,-28.543713999999998
2020-07-28T09:34:35.041323000Z,0.195715,0.11856499999999999,-0.171681,-114.924416,15.994883999999999,-29.451718
2020-07-28T09:34:35.061489000Z,0.19783299999999998,-0.29484699999999997,0.15609,-117.485192,16.379113999999998,-29.688684
2020-07-28T09:34:35.081654000Z,0.8742909999999999,-0.23679299999999998,-0.18511899999999998,-119.43269599999999,16.642073,-29.373666
2020-07-28T09:34:35.101819000Z,0.6482519999999999,-0.529135,0.48105899999999996,-120.83424799999999,16.628049999999998,-29.145006
2020-07-28T09:34:35.121985000Z,0.42081599999999997,-0.885439,0.7597109999999999,-121.44933599999999,16.371225,-29.113965999999998
2020-07-28T09:34:35.142150000Z,0.01851,-0.383837,0.490455,-121.757616,15.78759,-29.053548
2020-07-28T09:34:35.162315000Z,-0.042151,0.043789999999999996,0.712564,-122.18858399999999,14.501674,-29.042796
2020-07-28T09:34:35.182480000Z,0.212687,-0.064635,0.472217,-122.834312,12.400495999999999,-28.981956
2020-07-28T09:34:35.202645000Z,0.76098,-0.38490599999999997,-0.30661299999999997,-123.39016,9.961765,-28.656941999999997
2020-07-28T09:34:35.222810000Z,0.636165,-0.11620599999999999,-1.2169889999999999,-123.534112,7.992112,-27.965408
2020-07-28T09:34:35.242976000Z,-0.259742,0.544586,-1.190661,-123.27798399999999,6.671613,-27.427728
2020-07-28T09:34:35.263141000Z,-0.6323829999999999,0.206681,-0.668341,-122.860216,5.750089,-27.192164
2020-07-28T09:34:35.283307000Z,-0.736663,0.450449,-0.581002,-122.487016,5.197864,-27.222222
2020-07-28T09:34:35.303472000Z,-0.495729,0.717669,-0.48677499999999996,-122.50177599999999,5.00824,-27.437482
2020-07-28T09:34:35.323636000Z,-0.6507259999999999,1.049545,-0.376675,-123.223368,5.157941999999999,-27.376668
2020-07-28T09:34:35.343803000Z,-0.248695,0.535581,-0.255026,-124.249336,5.603547,-27.17315
2020-07-28T09:34:35.363968000Z,-0.121153,0.11809199999999999,-0.280313,-124.94748,6.212282999999999,-26.966497999999998
2020-07-28T09:34:35.384133000Z,0.49168599999999996,-0.112717,-0.140121,-125.138696,6.798871999999999,-26.637131999999998
2020-07-28T09:34:35.404298000Z,0.024241,0.49226699999999995,-0.9262079999999999,-125.06823999999999,7.703213,-26.272512
2020-07-28T09:34:35.424464000Z,-0.6090709999999999,0.685465,-0.350171,-125.11287999999999,9.302444,-26.392481999999998
2020-07-28T09:34:35.444628000Z,-1.101381,0.631006,0.023339,-125.615304,11.491268999999999,-26.739562
2020-07-28T09:34:35.464793000Z,-1.026977,0.98183,-0.091802,-126.78781599999999,14.123488,-27.09693
2020-07-28T09:34:35.484958000Z,-0.514301,0.846692,0.277032,-128.44070399999998,16.87291,-27.551152
2020-07-28T09:34:35.505125000Z,0.49727299999999997,0.030296,0.187004,-129.964432,19.232115999999998,-27.791584
2020-07-28T09:34:35.525290000Z,1.1890509999999999,-0.39177599999999996,0.604418,-130.852416,20.737375999999998,-27.95414
2020-07-28T09:34:35.545455000Z,1.320948,-0.6233369999999999,0.774315,-130.82411199999999,21.037115999999997,-28.290523999999998
2020-07-28T09:34:35.565620000Z,-0.08566599999999999,0.107251,1.145622,-130.34008799999998,19.9698,-28.825846
2020-07-28T09:34:35.585785000Z,0.6043839999999999,-0.179596,0.70967,-130.56744799999998,18.017808,-29.32566
2020-07-28T09:34:35.605950000Z,2.3282249999999998,-1.228043,1.788994,-131.066696,15.609694999999999,-29.223924
2020-07-28T09:34:35.626115000Z,0.788716,-0.617722,0.214492,-131.409336,13.103804,-29.125155999999997
2020-07-28T09:34:35.646282000Z,0.970864,-0.374967,-0.221332,-131.506712,10.881257999999999,-29.173358
2020-07-28T09:34:35.666447000Z,1.287315,0.507329,-1.353341,-130.93768,9.274243,-29.367586
2020-07-28T09:34:35.686612000Z,0.212552,0.506934,-1.0956919999999999,-129.562504,8.662427,-29.782574
2020-07-28T09:34:35.706777000Z,-0.610949,1.460511,-0.853868,-128.239688,9.017921,-30.179917999999997
2020-07-28T09:34:35.726942000Z,-0.9197249999999999,1.3001129999999999,0.008863,-127.7584,10.106055999999999,-30.420516
2020-07-28T09:34:35.747107000Z,-1.2084279999999998,1.5959839999999998,-0.253006,-128.071656,11.683667999999999,-30.505542
2020-07-28T09:34:35.767272000Z,-1.089051,1.696712,-0.6265539999999999,-128.864136,13.751833999999999,-30.689408
2020-07-28T09:34:35.787438000Z,-1.161198,1.72074,-0.7088289999999999,-130.016376,16.376236,-30.991044
2020-07-28T09:34:35.807604000Z,-0.880138,2.206225,-0.09991699999999999,-131.71536,19.404173999999998,-31.284938
2020-07-28T09:34:35.827769000Z,-1.119132,1.48809,-0.00933,-133.929168,22.562441999999997,-31.395342
2020-07-28T09:34:35.847934000Z,0.33336299999999996,-0.085465,0.699272,-136.40431999999998,25.393929999999997,-30.902388
2020-07-28T09:34:35.868099000Z,1.254143,-1.031882,-0.08069699999999999,-138.509504,27.572304,-29.923026
2020-07-28T09:34:35.888265000Z,1.369899,-1.558844,-0.24976199999999998,-139.506848,28.899597999999997,-29.132422
2020-07-28T09:34:35.908430000Z,1.4093579999999999,-1.657038,0.233539,-139.012224,29.083726,-28.930781999999997
2020-07-28T09:34:35.928595000Z,1.922323,-1.7271219999999998,0.63938,-136.807248,27.782301999999998,-29.575823999999997
2020-07-28T09:34:35.948761000Z,1.907033,-1.7056,0.26988,-133.071472,25.312241999999998,-30.820144
2020-07-28T09:34:35.968926000Z,1.417438,-0.71941,0.537853,-128.78368799999998,22.397845999999998,-32.06192
2020-07-28T09:34:35.989091000Z,0.36321699999999996,0.48076599999999997,-0.013953,-125.19004799999999,19.881398,-32.946698
2020-07-28T09:34:36.009256000Z,-1.099692,2.0687349999999998,-0.560089,-123.347504,18.730992,-33.45588
2020-07-28T09:34:36.029422000Z,-1.224864,2.524505,-0.691678,-123.589344,19.415978,-33.728128
2020-07-28T09:34:36.049587000Z,-1.513549,1.9564489999999999,-0.205319,-125.350432,21.798268,-33.744299999999996
2020-07-28T09:34:36.069752000Z,-1.3054059999999998,0.845332,-0.014036,-128.008624,25.093646,-32.979026
2020-07-28T09:34:36.089918000Z,1.142753,-0.908141,0.520236,-130.285168,27.80078,-31.907968
2020-07-28T09:34:36.110083000Z,3.102184,-2.655696,0.7224149999999999,-130.567536,28.706699999999998,-31.658112
2020-07-28T09:34:36.130248000Z,3.8757639999999998,-3.2138809999999998,1.301197,-128.400056,27.18604,-32.468821999999996
2020-07-28T09:34:36.150412000Z,2.741838,-1.7436539999999998,1.31161,-124.853944,23.54939,-33.801852
2020-07-28T09:34:36.170578000Z,0.6352869999999999,0.151353,0.497726,-121.52672799999999,19.214814,-34.950123999999995
2020-07-28T09:34:36.190743000Z,-1.1422269999999999,2.031069,-0.7874329999999999,-119.431288,16.015272,-35.786719999999995
2020-07-28T09:34:36.210908000Z,-1.215843,3.233281,-1.429862,-118.8728,15.065563,-36.533176
2020-07-28T09:34:36.231073000Z,-1.372233,3.190126,-1.166898,-119.510528,16.456329,-37.351192
2020-07-28T09:34:36.251239000Z,-1.273024,2.191767,-0.534188,-120.866064,19.508164,-37.912324
2020-07-28T09:34:36.271404000Z,0.223412,0.251484,0.108124,-122.280576,22.949289999999998,-37.973692
2020-07-28T09:34:36.291569000Z,2.2423859999999998,-2.118276,1.1762329999999999,-122.905496,25.066882,-37.883075999999996
2020-07-28T09:34:36.311736000Z,2.472863,-2.706439,1.413055,-122.253104,24.802442,-38.126976
2020-07-28T09:34:36.331901000Z,1.8014629999999998,-1.948429,0.8721599999999999,-120.578536,22.560892,-38.667428
2020-07-28T09:34:36.352066000Z,0.9206479999999999,-0.6078859999999999,0.381233,-118.450544,19.489452,-39.19134
2020-07-28T09:34:36.372231000Z,-0.040202999999999996,0.48034099999999996,-0.221413,-116.429136,16.668402,-39.575711999999996
2020-07-28T09:34:36.392397000Z,-0.647204,1.1638789999999999,-0.932618,-114.79425599999999,14.943539999999999,-39.957436
2020-07-28T09:34:36.412562000Z,-0.517049,1.474391,-0.6530929999999999,-113.79516799999999,14.440012999999999,-40.405091999999996
2020-07-28T09:34:36.432727000Z,-0.177256,1.003569,-0.440094,-113.425872,14.774664999999999,-41.053016
2020-07-28T09:34:36.452890000Z,-0.044527,0.48866,-0.337032,-113.36948799999999,15.521880999999999,-41.754988
2020-07-28T09:34:36.473057000Z,-0.118076,0.413902,-0.24134999999999998,-113.38213599999999,16.39019,-42.397952
2020-07-28T09:34:36.493222000Z,0.5616019999999999,0.273272,-0.225021,-113.28947199999999,17.15534,-43.035368
2020-07-28T09:34:36.513387000Z,0.497202,0.44561399999999995,-0.353037,-113.047688,17.741252,-43.754656
2020-07-28T09:34:36.533553000Z,0.283671,0.460734,-0.605205,-112.53804799999999,18.473997999999998,-44.538039999999995
2020-07-28T09:34:36.553718000Z,0.030979,0.357993,-0.625589,-111.49266399999999,19.48745,-45.41238
2020-07-28T09:34:36.573883000Z,-0.30006499999999997,0.41025,-0.024138999999999997,-110.37977599999999,20.508039999999998,-46.045316
2020-07-28T09:34:36.594048000Z,-0.351883,0.569217,0.513118,-109.92399999999999,21.08082,-46.199652
2020-07-28T09:34:36.614213000Z,-0.23016799999999998,0.156947,0.23416199999999998,-110.196928,21.05222,-46.094539999999995
2020-07-28T09:34:36.634378000Z,-0.718518,-0.489025,-0.36169999999999997,-110.72748,20.715398,-45.847288
2020-07-28T09:34:36.654543000Z,-0.8917229999999999,-0.5611579999999999,-0.363268,-111.06341599999999,20.316102,-45.570208
2020-07-28T09:34:36.674708000Z,-0.139374,-0.177223,-0.23899199999999998,-110.977712,19.942282,-45.298055999999995
2020-07-28T09:34:36.694874000Z,0.426836,0.252456,-0.028598,-110.560616,19.57273,-45.14474
2020-07-28T09:34:36.715039000Z,0.5547409999999999,0.34943399999999997,-0.05191,-110.04428,19.212746,-45.171744
2020-07-28T09:34:36.735204000Z,0.327733,0.34523,-0.134829,-109.59004,18.938602,-45.313199999999995
2020-07-28T09:34:36.755371000Z,0.10414599999999999,0.300789,-0.25407399999999997,-109.253928,18.818962,-45.488347999999995
2020-07-28T09:34:36.775536000Z,-0.13402999999999998,0.262968,-0.374787,-109.10463999999999,18.811032,-45.597252
2020-07-28T09:34:36.795701000Z,-0.121344,0.00873,-0.264825,-109.093576,18.871727999999997,-45.658308
2020-07-28T09:34:36.815866000Z,0.235399,-0.04004,-0.078345,-109.06119199999999,18.960639999999998,-45.6701
2020-07-28T09:34:36.836032000Z,0.316008,0.107788,0.088334,-109.029152,18.99774,-45.698328
2020-07-28T09:34:36.856197000Z,0.204146,0.10545399999999999,0.061311,-109.049184,18.96273,-45.74502
2020-07-28T09:34:36.876362000Z,-0.12138399999999999,0.021233,-0.17704399999999998,-109.105632,18.934772,-45.760556
2020-07-28T09:34:36.896527000Z,0.0054269999999999995,-0.041696,-0.15476299999999998,-109.15428,18.957852,-45.725111999999996
2020-07-28T09:34:36.916692000Z,0.215005,0.080154,-0.06414,-109.17897599999999,19.012544,-45.69836
2020-07-28T09:34:36.936858000Z,0.202315,0.027226999999999998,-0.087811,-109.20291999999999,19.03641,-45.707063999999995
2020-07-28T09:34:36.957023000Z,0.069561,-0.07622899999999999,-0.017024,-109.237904,18.989791999999998,-45.715056
2020-07-28T09:34:36.977188000Z,0.070944,-0.013666999999999999,-0.109067,-109.270184,18.878352,-45.687875999999996
2020-07-28T09:34:36.997353000Z,0.146537,0.11080899999999999,-0.021242999999999998,-109.31679199999999,18.728735999999998,-45.656712
2020-07-28T09:34:37.017518000Z,0.201946,0.08715099999999999,-0.153998,-109.36257599999999,18.570232,-45.625679999999996
2020-07-28T09:34:37.037683000Z,0.20468399999999998,0.073105,-0.197713,-109.35351999999999,18.455492,-45.620432
2020-07-28T09:34:37.057850000Z,0.218601,0.14610299999999998,-0.102169,-109.32664,18.381216,-45.631347999999996
2020-07-28T09:34:37.078015000Z,0.046694,0.010066,-0.08698499999999999,-109.33883999999999,18.287146,-45.639748
2020-07-28T09:34:37.098180000Z,0.037705999999999996,-0.039316,-0.08591299999999999,-109.37379999999999,18.186894,-45.618792
2020-07-28T09:34:37.118345000Z,0.17435199999999998,0.07612,-0.088041,-109.39948799999999,18.082598,-45.59314
2020-07-28T09:34:37.138511000Z,0.333545,0.11802199999999999,-0.08213899999999999,-109.40507199999999,17.970778,-45.578992
2020-07-28T09:34:37.158676000Z,0.359687,0.09610099999999999,-0.136476,-109.37223999999999,17.83694,-45.595008
2020-07-28T09:34:37.178841000Z,0.196072,0.017953999999999998,-0.118777,-109.314984,17.66562,-45.610552
2020-07-28T09:34:37.199007000Z,0.257689,-0.06923,-0.013670999999999999,-109.235824,17.422193999999998,-45.598552
2020-07-28T09:34:37.219172000Z,0.386038,-0.232481,0.095983,-109.11553599999999,17.032514,-45.58392
2020-07-28T09:34:37.239337000Z,0.477259,-0.364044,0.22916399999999998,-108.99000799999999,16.468063,-45.557255999999995
2020-07-28T09:34:37.259502000Z,0.41204799999999997,-0.337728,0.25104699999999996,-108.92416,15.727039999999999,-45.512955999999996
2020-07-28T09:34:37.279667000Z,0.184553,-0.042588,0.011087,-108.9798,14.947422999999999,-45.430884
2020-07-28T09:34:37.299832000Z,-0.250478,0.199099,-0.019458,-109.294432,14.286356,-45.271208
2020-07-28T09:34:37.319997000Z,-0.20989,0.27042299999999997,-0.057463999999999994,-109.976592,13.785672,-45.026596
2020-07-28T09:34:37.340163000Z,-0.20360699999999998,0.379181,0.09012099999999999,-111.05705599999999,13.436065999999999,-44.684684
2020-07-28T09:34:37.360328000Z,0.181882,0.380901,-0.19597599999999998,-112.358576,13.280475,-44.376495999999996
2020-07-28T09:34:37.380493000Z,0.18490499999999999,0.908636,-0.29132399999999997,-113.81343199999999,13.440684,-44.097572
2020-07-28T09:34:37.400658000Z,-0.040887,1.195056,-0.27592099999999997,-115.50792,13.955419,-43.821307999999995
2020-07-28T09:34:37.420825000Z,-0.187625,1.146977,-0.376654,-117.372104,14.869003,-43.574552
2020-07-28T09:34:37.440990000Z,-0.511838,0.763247,-0.7879609999999999,-119.27726399999999,16.23163,-43.230199999999996
2020-07-28T09:34:37.461155000Z,-0.314226,0.189585,-0.640098,-121.001088,17.861933999999998,-42.847128
2020-07-28T09:34:37.481320000Z,0.101533,0.131157,-0.348767,-122.32927199999999,19.476585999999998,-42.52814
2020-07-28T09:34:37.501486000Z,0.254619,0.472628,-0.128694,-123.305624,20.921405999999998,-42.264835999999995
2020-07-28T09:34:37.521651000Z,0.294475,0.569518,0.062256,-124.15675999999999,22.142606,-42.011136
2020-07-28T09:34:37.541816000Z,0.381893,0.095052,-0.21795499999999998,-124.773168,23.23603,-41.888556
2020-07-28T09:34:37.561981000Z,0.252689,-0.251166,-0.542604,-124.983712,24.314069999999997,-41.932688
2020-07-28T09:34:37.582147000Z,-0.551419,-0.36645,-0.53017,-124.96347999999999,25.428224,-42.046915999999996
2020-07-28T09:34:37.602312000Z,-0.6442019999999999,-0.480925,-0.41452,-124.723576,26.579045999999998,-42.218832
2020-07-28T09:34:37.622477000Z,-0.310005,-0.550377,-0.408947,-124.06637599999999,27.553615999999998,-42.580127999999995
2020-07-28T09:34:37.642642000Z,0.22819199999999998,-0.43052199999999996,-0.014443999999999999,-122.842192,28.100545999999998,-43.062756
2020-07-28T09:34:37.662807000Z,0.699735,0.022019999999999998,0.59943,-121.19346399999999,27.954092,-43.557055999999996
2020-07-28T09:34:37.682972000Z,1.2254559999999999,0.00346,0.657369,-119.31963999999999,26.996071999999998,-44.001228
2020-07-28T09:34:37.703137000Z,1.2614319999999999,0.11569199999999999,0.41286599999999996,-117.415112,25.457725999999997,-44.359876
2020-07-28T09:34:37.723304000Z,0.9862949999999999,0.147634,0.224824,-115.776472,23.770414,-44.667964
2020-07-28T09:34:37.743469000Z,0.385357,0.276082,0.046071999999999995,-114.728552,22.394702,-44.842948
2020-07-28T09:34:37.763634000Z,-0.099011,0.307826,-0.22713899999999998,-114.42673599999999,21.640857999999998,-44.910244
2020-07-28T09:34:37.783800000Z,-0.38609299999999996,0.48417,-0.27905399999999997,-114.818168,21.597002,-44.875316
2020-07-28T09:34:37.803965000Z,-0.46187599999999995,0.703757,-0.116543,-115.89502399999999,22.212139999999998,-44.592783999999995
2020-07-28T09:34:37.824130000Z,-0.22313,0.765218,-0.098161,-117.498632,23.270172,-44.068487999999995
2020-07-28T09:34:37.844295000Z,0.137686,0.511288,-0.077855,-119.26508799999999,24.498967999999998,-43.434031999999995
2020-07-28T09:34:37.864461000Z,0.45466999999999996,0.43322299999999997,-0.19478299999999998,-120.813576,25.682088,-42.868564
2020-07-28T09:34:37.884626000Z,0.487516,-0.47063699999999997,-0.43008799999999997,-121.750232,26.513589999999997,-42.740088
2020-07-28T09:34:37.904791000Z,0.257907,-1.056454,-0.552497,-121.584448,26.601892,-43.190756
2020-07-28T09:34:37.924956000Z,0.38454,-1.033421,-0.059107999999999994,-120.171616,25.684648,-43.997248
2020-07-28T09:34:37.945121000Z,0.7890349999999999,-0.638317,0.037729,-117.64996,23.74289,-44.846951999999995
2020-07-28T09:34:37.965286000Z,0.49623199999999995,0.545742,0.35008999999999996,-114.849808,21.201345999999997,-45.501388
2020-07-28T09:34:37.985451000Z,0.387982,1.00274,-0.023252,-112.62872,18.821652,-45.835104
2020-07-28T09:34:38.005617000Z,0.165434,0.812279,-0.110666,-111.47807999999999,17.296338,-45.994264
2020-07-28T09:34:38.025782000Z,-0.255088,0.819533,0.040222999999999995,-111.58012,16.96471,-46.063739999999996
2020-07-28T09:34:38.045947000Z,-0.737526,0.792786,-0.230894,-112.87071999999999,17.793512,-45.905348
2020-07-28T09:34:38.066112000Z,-0.35661299999999996,0.718394,-0.22733399999999998,-114.97487199999999,19.431445999999998,-45.460564
2020-07-28T09:34:38.086279000Z,0.193771,0.621363,-0.26659299999999997,-117.20931999999999,21.304728,-44.932732
2020-07-28T09:34:38.106444000Z,0.524513,0.136535,-0.6349969999999999,-118.729896,22.942532,-44.6417
2020-07-28T09:34:38.126609000Z,0.5347109999999999,-1.0469249999999999,-0.567685,-119.02136,23.839754,-44.835744
2020-07-28T09:34:38.146774000Z,0.179066,-1.4749409999999998,0.24481,-118.24321599999999,23.484544,-45.170456
2020-07-28T09:34:38.166940000Z,0.659171,-1.384538,0.6429579999999999,-116.55707199999999,21.831262,-45.570004
2020-07-28T09:34:38.187104000Z,0.928569,-0.623356,0.132183,-114.13906399999999,19.28539,-45.99608
2020-07-28T09:34:38.207270000Z,0.48125999999999997,0.48856,0.33954799999999996,-111.85708799999999,16.603849,-46.351327999999995
2020-07-28T09:34:38.227435000Z,0.168412,0.252797,-0.15087299999999998,-110.254544,14.59972,-46.586244
2020-07-28T09:34:38.247601000Z,-0.291842,0.36746,-0.055575,-109.500624,13.53365,-46.798116
2020-07-28T09:34:38.267765000Z,-0.317716,0.737544,-0.332105,-109.564664,13.240254,-46.948076
2020-07-28T09:34:38.287931000Z,0.007789,1.059338,-0.49662199999999995,-110.30372,13.513971999999999,-47.068704
2020-07-28T09:34:38.308096000Z,0.17837699999999998,1.368609,-0.552483,-111.53766399999999,14.375395999999999,-47.089791999999996
2020-07-28T09:34:38.328262000Z,-0.17176,1.6928649999999998,-0.426755,-113.236744,15.806398,-46.827611999999995
2020-07-28T09:34:38.348426000Z,-0.52459,1.905341,-0.094708,-115.559016,17.810617999999998,-46.097752
2020-07-28T09:34:38.368593000Z,-0.19794199999999998,1.739884,-0.151619,-118.28352799999999,20.388693999999997,-44.995808
2020-07-28T09:34:38.388757000Z,-0.007646999999999999,1.129749,-0.590584,-120.73172,23.450546,-43.996976
2020-07-28T09:34:38.408923000Z,0.211446,-0.451816,-1.389927,-122.21415999999999,26.511446,-43.507343999999996
2020-07-28T09:34:38.429087000Z,-0.123121,-1.795347,-0.7942659999999999,-122.46159999999999,28.810798,-43.515384
2020-07-28T09:34:38.449253000Z,-0.5702039999999999,-0.8747389999999999,1.500159,-121.69355999999999,29.806397999999998,-43.332328
2020-07-28T09:34:38.469419000Z,0.616995,-0.570969,1.576241,-120.04816,29.453219999999998,-43.055547999999995
2020-07-28T09:34:38.489583000Z,1.415128,-0.476192,2.184405,-117.42424799999999,28.149905999999998,-42.46198
2020-07-28T09:34:38.509749000Z,1.3398649999999999,-0.37867799999999996,2.391545,-114.18352,26.322561999999998,-41.177676
2020-07-28T09:34:38.529914000Z,0.697056,-0.312808,1.942581,-111.375744,24.268915999999997,-38.977492
2020-07-28T09:34:38.550080000Z,-1.6708429999999999,0.418749,5.092349,-109.967784,22.728465999999997,-34.28606
2020-07-28T09:34:38.570244000Z,-2.254647,1.2908519999999999,5.234063,-109.836704,22.509296,-25.86673
2020-07-28T09:34:38.590411000Z,0.204428,0.49838,3.706317,-110.485928,23.682288,-14.644098
2020-07-28T09:34:38.610575000Z,0.650895,0.992405,3.6486929999999997,-111.91995999999999,25.695304,-0.676538
2020-07-28T09:34:38.630741000Z,7.056006999999999,-4.044828,-26.37209,-113.96527999999999,28.827582,6.204089
2020-07-28T09:34:38.650905000Z,4.399831,-2.479787,-1.120016,-115.18728,31.750852,7.553736
2020-07-28T09:34:38.671072000Z,-2.23946,2.728529,0.26980499999999996,-115.608888,32.885674,6.545354
2020-07-28T09:34:38.691236000Z,1.2822,2.150371,1.705212,-115.08506399999999,32.548553999999996,4.956373
2020-07-28T09:34:38.711402000Z,2.418986,1.2299959999999999,-0.015944,-113.503536,31.46161,2.986926
2020-07-28T09:34:38.731568000Z,1.225743,0.813978,0.400065,-110.86276,29.82951,0.17754399999999998
2020-07-28T09:34:38.751732000Z,-0.350176,-0.299719,-0.038911,-108.034768,27.986929999999997,-2.120513
2020-07-28T09:34:38.771898000Z,-1.995533,-0.494268,-0.9463269999999999,-106.144336,26.716998,-3.4761789999999997
2020-07-28T09:34:38.792063000Z,-1.855748,-1.052675,0.14878,-105.177872,26.285998,-4.261928999999999
2020-07-28T09:34:38.812229000Z,-0.27108299999999996,-0.513489,0.969244,-104.62791999999999,26.267134,-5.176778
2020-07-28T09:34:38.832393000Z,0.6179749999999999,-0.251052,0.879981,-104.19444,26.072024,-6.077077999999999
2020-07-28T09:34:38.852559000Z,1.103875,0.040924999999999996,0.0906,-103.642344,25.493146,-6.894793
2020-07-28T09:34:38.872724000Z,0.5933809999999999,0.204198,0.091246,-102.518512,24.480809999999998,-7.701025
2020-07-28T09:34:38.892890000Z,0.5774969999999999,0.503803,0.28132599999999996,-100.534776,23.009922,-8.545603
2020-07-28T09:34:38.913054000Z,0.613157,0.506713,-0.15592499999999998,-98.20132799999999,21.67598,-9.126968999999999
2020-07-28T09:34:38.933220000Z,-0.6952699999999999,0.712764,-0.742633,-96.607928,20.965224,-9.306754
2020-07-28T09:34:38.953385000Z,-0.749714,0.474917,-0.992694,-95.94207999999999,20.815151999999998,-9.304960999999999
2020-07-28T09:34:38.973551000Z,-0.520058,0.22411,-0.303321,-95.599296,20.979392,-9.078664
2020-07-28T09:34:38.993715000Z,-0.142251,0.284473,-0.249189,-95.113152,21.237166,-8.675319
2020-07-28T09:34:39.013882000Z,0.17987899999999998,-0.282227,0.352483,-94.502872,21.418404,-8.231354
2020-07-28T09:34:39.034047000Z,0.21914299999999998,-0.110537,0.588036,-94.01081599999999,21.450998,-8.134891
2020-07-28T09:34:39.054212000Z,-0.0019679999999999997,0.049788,0.39641,-93.79241599999999,21.381376,-8.212266
2020-07-28T09:34:39.074376000Z,-0.32772999999999997,0.094105,0.155627,-93.71903999999999,21.179029999999997,-8.288255
2020-07-28T09:34:39.094542000Z,-0.17146,0.059754999999999996,0.019832,-93.71851199999999,20.942325999999998,-8.43122
2020-07-28T09:34:39.114708000Z,0.29231399999999996,0.043081,-0.138827,-93.703712,20.716203999999998,-8.59864
2020-07-28T09:34:39.134872000Z,0.385638,0.39197099999999996,-0.031578,-93.54668,20.563675999999997,-8.913101
2020-07-28T09:34:39.155039000Z,0.243027,0.33527799999999996,-0.081912,-93.296768,20.448418,-9.322538999999999
2020-07-28T09:34:39.175203000Z,-0.0034519999999999998,0.339708,-0.18384999999999999,-93.143264,20.319962,-9.810725999999999
2020-07-28T09:34:39.195369000Z,-0.38737499999999997,0.13505699999999998,-0.170962,-93.177056,20.212405999999998,-10.229211
2020-07-28T09:34:39.215533000Z,-0.37513399999999997,-0.09482399999999999,-0.244607,-93.38983999999999,20.215826,-10.567485999999999
2020-07-28T09:34:39.235700000Z,-0.218466,-0.045273999999999995,-0.037203,-93.64156,20.269872,-10.918289
2020-07-28T09:34:39.255864000Z,0.36511699999999997,-0.14793499999999998,-0.086879,-93.91805599999999,20.211309999999997,-11.502004
2020-07-28T09:34:39.276030000Z,0.744688,-0.135357,0.08023799999999999,-94.16190399999999,19.98396,-12.504458999999999
2020-07-28T09:34:39.296195000Z,0.637936,-0.281501,0.21631799999999998,-94.41987999999999,19.472216,-13.823594
2020-07-28T09:34:39.316361000Z,0.608831,-0.9766549999999999,0.153021,-94.63851199999999,18.59347,-15.3624
2020-07-28T09:34:39.336525000Z,0.21140399999999998,-0.681012,0.25093899999999997,-94.80564799999999,17.622301999999998,-17.005806
2020-07-28T09:34:39.356691000Z,-0.178718,-0.449658,-0.045496999999999996,-95.094904,16.917341999999998,-18.655196
2020-07-28T09:34:39.376857000Z,-0.410798,-0.5222399999999999,0.021234,-95.568816,16.424891,-20.583541999999998
2020-07-28T09:34:39.397021000Z,-0.15376399999999998,0.859655,0.519886,-96.41671199999999,16.047892,-22.37653
2020-07-28T09:34:39.417187000Z,-0.020704,0.40549199999999996,0.108383,-97.275328,15.676019,-23.664856
2020-07-28T09:34:39.437352000Z,-0.395364,0.449217,0.24934699999999999,-97.86907199999999,15.167307,-24.403236
2020-07-28T09:34:39.457518000Z,-0.471612,0.6454639999999999,0.30156,-98.41906399999999,14.415517999999999,-24.699185999999997
2020-07-28T09:34:39.477682000Z,-0.43378099999999997,0.669994,0.185337,-99.07852,13.504299999999999,-24.939909999999998
2020-07-28T09:34:39.497848000Z,0.071904,0.535667,-0.335524,-99.589288,12.746336999999999,-25.198891999999997
2020-07-28T09:34:39.518013000Z,0.195689,0.696749,-0.546909,-99.743184,12.426891999999999,-25.36563
2020-07-28T09:34:39.538179000Z,0.022577999999999997,0.831175,-0.396546,-99.591552,12.431583999999999,-25.374014
2020-07-28T09:34:39.558343000Z,0.069108,0.38742299999999996,-0.524554,-99.19928,12.493492999999999,-24.982476
2020-07-28T09:34:39.578510000Z,0.34541,0.14751699999999998,-0.185805,-98.304632,12.518751,-24.326269999999997
2020-07-28T09:34:39.598674000Z,-0.051084,0.35481399999999996,0.138711,-96.73324,12.507617,-23.542104
2020-07-28T09:34:39.618840000Z,-0.38321299999999997,-0.050981,0.164729,-94.82913599999999,12.560457999999999,-22.841216
2020-07-28T09:34:39.639006000Z,-0.634763,0.24579099999999998,-0.229429,-93.149688,12.867538,-22.382369999999998
2020-07-28T09:34:39.659171000Z,-0.342744,-0.20524799999999999,-0.286616,-92.45244799999999,13.206278999999999,-21.999366
2020-07-28T09:34:39.679335000Z,0.53123,-0.23607199999999998,0.48107999999999995,-92.51232,13.383415999999999,-21.740408
2020-07-28T09:34:39.699501000Z,0.8276399999999999,-0.059622999999999995,0.272783,-92.61792799999999,13.498208,-21.802502
2020-07-28T09:34:39.719667000Z,0.625972,0.134819,0.101406,-92.587312,13.510931999999999,-21.857204
2020-07-28T09:34:39.739831000Z,0.225652,-0.011009,-0.117382,-92.549408,13.394048,-21.770732
2020-07-28T09:34:39.759997000Z,0.045592999999999995,-0.109958,-0.028807,-92.667744,13.280119,-21.828944
2020-07-28T09:34:39.780162000Z,0.24593099999999998,-0.8890889999999999,-0.502365,-92.86965599999999,13.133186,-22.307195999999998
2020-07-28T09:34:39.800328000Z,0.449586,-0.78338,-0.143223,-93.00456799999999,12.776273999999999,-23.310436
2020-07-28T09:34:39.820492000Z,1.282815,-1.6266019999999999,-0.141084,-92.858216,12.256105,-25.111226
2020-07-28T09:34:39.840659000Z,1.081839,-0.182285,0.529555,-92.47211999999999,11.552363999999999,-27.464488
2020-07-28T09:34:39.860823000Z,0.469956,1.850539,1.33385,-92.52295199999999,10.702739,-29.144607999999998
2020-07-28T09:34:39.880989000Z,-0.641381,0.634693,0.161748,-93.208736,9.811747,-29.878762
2020-07-28T09:34:39.901153000Z,-0.840204,0.291661,-0.68375,-94.120688,9.102770999999999,-30.630546
2020-07-28T09:34:39.921320000Z,-0.935804,0.6896,-0.636832,-95.18339999999999,8.767961999999999,-31.354592
2020-07-28T09:34:39.941484000Z,-0.426267,0.517653,-0.51191,-96.17124,8.691524,-32.073716
2020-07-28T09:34:39.961650000Z,0.067467,0.5953379999999999,-0.296432,-96.847304,8.719422,-32.681059999999995
2020-07-28T09:34:39.981816000Z,0.529175,0.42367499999999997,-0.254261,-97.114592,8.803431999999999,-33.054657999999996
2020-07-28T09:34:40.001980000Z,0.833492,0.217515,-0.22,-96.920424,8.948625,-33.134388
2020-07-28T09:34:40.022146000Z,0.408276,0.407366,-0.050226,-96.45719199999999,9.194188,-33.046288
2020-07-28T09:34:40.042311000Z,-0.172041,0.238809,-0.029987999999999997,-96.05264799999999,9.422381,-33.104714
2020-07-28T09:34:40.062477000Z,-0.514711,0.22117299999999998,0.006215,-95.877776,9.568591,-33.39421
2020-07-28T09:34:40.082641000Z,-0.319646,0.057270999999999996,-0.051706999999999996,-95.883736,9.747518,-33.741816
2020-07-28T09:34:40.102808000Z,-0.23943099999999998,0.028089,-0.46653,-95.97435999999999,10.06354,-34.02224
2020-07-28T09:34:40.122972000Z,0.091399,-0.060225999999999995,-0.516954,-96.07768,10.41546,-34.455436
2020-07-28T09:34:40.143138000Z,0.23311199999999999,0.12177099999999999,-0.630254,-96.253456,10.638126999999999,-35.257144
2020-07-28T09:34:40.163302000Z,0.24784099999999998,-0.003251,-0.07941999999999999,-96.53282399999999,10.790438,-36.250692
2020-07-28T09:34:40.183469000Z,0.424075,0.148259,0.492359,-96.829528,11.019719,-37.052952
2020-07-28T09:34:40.203633000Z,0.5228539999999999,0.18476499999999998,0.39780099999999996,-97.131512,11.345777,-37.553916
2020-07-28T09:34:40.223799000Z,0.455883,0.10455199999999999,0.01881,-97.47980799999999,11.633674,-37.999476
2020-07-28T09:34:40.243965000Z,0.250427,-0.001289,0.006356,-97.87016,11.826096999999999,-38.482616
2020-07-28T09:34:40.264130000Z,0.034457999999999996,0.09064599999999999,-0.032062,-98.233736,11.97719,-38.970728
2020-07-28T09:34:40.284294000Z,-0.09069999999999999,-0.023871,-0.115093,-98.52184799999999,12.072515,-39.471292
2020-07-28T09:34:40.304460000Z,-0.149507,0.070617,-0.018206999999999997,-98.754696,12.125539999999999,-39.897872
2020-07-28T09:34:40.324626000Z,-0.091461,0.085183,0.087572,-98.914304,12.191635,-40.21234
2020-07-28T09:34:40.344790000Z,-0.004543999999999999,0.060834,0.12328199999999999,-99.05404,12.235757,-40.392855999999995
2020-07-28T09:34:40.364957000Z,0.13403199999999998,0.013106,0.076486,-99.171696,12.188411,-40.485679999999995
2020-07-28T09:34:40.385121000Z,0.33431,0.057505999999999995,0.020599,-99.18915199999999,12.082894,-40.473732
2020-07-28T09:34:40.405287000Z,0.305672,0.13282,-0.056452999999999996,-99.094984,11.958647,-40.435736
2020-07-28T09:34:40.425451000Z,0.13067299999999998,0.16808599999999999,-0.042037,-99.00659999999999,11.83391,-40.409364
2020-07-28T09:34:40.445618000Z,-0.10700799999999999,0.18789999999999998,-0.23613699999999999,-99.03627999999999,11.758046,-40.440308
2020-07-28T09:34:40.465784000Z,-0.10016699999999999,0.190279,-0.29317499999999996,-99.118304,11.786871999999999,-40.496939999999995
2020-07-28T09:34:40.485949000Z,0.108606,0.235809,-0.12360499999999999,-99.14601599999999,11.889624999999999,-40.505176
2020-07-28T09:34:40.506115000Z,0.270976,0.191056,-0.046315999999999996,-99.102504,11.979847,-40.483503999999996
2020-07-28T09:34:40.526279000Z,0.268476,0.11048899999999999,-0.085809,-99.013752,12.018058,-40.471176
2020-07-28T09:34:40.546445000Z,0.11001,0.051628999999999994,-0.244883,-98.926968,12.010738,-40.537887999999995
2020-07-28T09:34:40.566610000Z,-0.080437,0.041500999999999996,-0.254941,-98.886136,12.027676,-40.657944
2020-07-28T09:34:40.586776000Z,0.015884,0.08752299999999999,-0.10734099999999999,-98.87772,12.110610999999999,-40.77934
2020-07-28T09:34:40.606940000Z,0.20910299999999998,0.216254,-0.066428,-98.87814399999999,12.220538,-40.905671999999996
2020-07-28T09:34:40.627107000Z,0.36197799999999997,0.246029,-0.125896,-98.873536,12.333744,-41.054528
2020-07-28T09:34:40.647271000Z,0.29908399999999996,0.304677,-0.242784,-98.87647199999999,12.486485,-41.292404
2020-07-28T09:34:40.667437000Z,0.06555699999999999,0.308177,-0.461152,-98.93552799999999,12.700370999999999,-41.622332
2020-07-28T09:34:40.687603000Z,-0.045273999999999995,0.300517,-0.566755,-99.033824,13.016017,-42.017708
2020-07-28T09:34:40.707768000Z,-0.128461,0.24226499999999998,-0.447258,-99.180864,13.500383999999999,-42.437916
2020-07-28T09:34:40.727933000Z,-0.112137,0.30214199999999997,-0.293192,-99.485816,14.174458,-42.886531999999995
2020-07-28T09:34:40.748098000Z,0.131724,0.15886,-0.286491,-99.977464,14.955563,-43.326139999999995
2020-07-28T09:34:40.768264000Z,0.115502,0.082883,-0.19136599999999998,-100.650296,15.664492,-43.553528
2020-07-28T09:34:40.788428000Z,-0.26334599999999997,0.0035789999999999997,-0.161379,-101.54364799999999,16.097874,-43.390552
2020-07-28T09:34:40.808595000Z,-0.157153,-0.052654,0.307531,-102.461824,16.357079,-43.021048
2020-07-28T09:34:40.828758000Z,0.35700299999999996,0.005625,0.453254,-103.264088,16.537249,-42.666712
2020-07-28T09:34:40.848925000Z,0.416726,0.11154199999999999,0.202434,-104.008376,16.773426,-42.436428
2020-07-28T09:34:40.869089000Z,0.439389,0.18789899999999998,-0.11413999999999999,-104.797112,17.152065999999998,-42.363952
2020-07-28T09:34:40.889256000Z,0.344201,0.153584,-0.279746,-105.70627999999999,17.660501999999997,-42.458272
2020-07-28T09:34:40.909420000Z,0.5154369999999999,0.304424,-0.177459,-106.771344,18.245635999999998,-42.781392
2020-07-28T09:34:40.929586000Z,0.956853,0.486545,0.13125499999999998,-108.05915999999999,18.811947999999997,-43.232907999999995
2020-07-28T09:34:40.949752000Z,0.78209,0.296307,0.185488,-109.66372799999999,19.161746,-43.634223999999996
2020-07-28T09:34:40.969917000Z,0.45153,0.14154,-0.027694,-111.377888,19.136986,-43.803052
2020-07-28T09:34:40.990081000Z,0.184805,-0.03333,0.072367,-112.76250399999999,18.845264,-43.88964
2020-07-28T09:34:41.010247000Z,-0.271967,-0.006984,0.028804999999999997,-113.47731999999999,18.514878,-43.919692
2020-07-28T09:34:41.030411000Z,-0.746262,-0.021388,-0.332408,-113.59871199999999,18.291386,-43.95898
2020-07-28T09:34:41.050577000Z,-0.8381379999999999,-0.10447,-0.29258999999999996,-113.48774399999999,18.168381999999998,-43.982639999999996
2020-07-28T09:34:41.070744000Z,-0.363407,0.03494,-0.00155,-113.43647999999999,18.18252,-44.010372
2020-07-28T09:34:41.090908000Z,0.234154,0.151105,0.120361,-113.61864,18.358016,-44.004059999999996
2020-07-28T09:34:41.111074000Z,0.630678,0.328405,-0.049303,-113.99006399999999,18.747794,-44.101516
2020-07-28T09:34:41.131239000Z,0.495305,0.411558,-0.196662,-114.531216,19.347255999999998,-44.343883999999996
2020-07-28T09:34:41.151405000Z,0.304274,0.268459,-0.140018,-115.236848,20.114162,-44.72748
2020-07-28T09:34:41.171569000Z,0.130687,0.21578599999999998,-0.029493,-116.10896799999999,20.987968,-45.217844
2020-07-28T09:34:41.191736000Z,-0.11676099999999999,0.100835,0.17427299999999998,-117.21119999999999,21.835331999999998,-45.748067999999996
2020-07-28T09:34:41.211900000Z,-0.594115,0.097663,-0.038408,-118.689376,22.41564,-46.355612
2020-07-28T09:34:41.232065000Z,0.623482,0.017169,0.276144,-120.345424,22.57722,-47.042448
2020-07-28T09:34:41.252232000Z,0.16766,-0.273912,-0.137545,-121.582928,22.33756,-47.514916
2020-07-28T09:34:41.272396000Z,-0.343875,-0.23738599999999999,-0.493019,-122.10057599999999,21.931196,-47.880116
2020-07-28T09:34:41.292562000Z,0.003581,-0.060634,-0.163459,-121.932952,21.420085999999998,-47.975964
2020-07-28T09:34:41.312727000Z,0.095999,0.387696,-0.309012,-121.273208,20.780366,-47.705543999999996
2020-07-28T09:34:41.332893000Z,0.09852699999999999,0.919739,-0.5621539999999999,-120.39196,20.049675999999998,-47.50116
2020-07-28T09:34:41.353057000Z,0.23987699999999998,0.7311909999999999,-0.465256,-119.541888,19.364572,-47.432607999999995
2020-07-28T09:34:41.373224000Z,0.22072999999999998,0.551408,-0.41256,-118.658104,18.932004,-47.440923999999995
2020-07-28T09:34:41.393388000Z,-0.094881,0.712071,-0.5956779999999999,-117.820984,18.843798,-47.558028
2020-07-28T09:34:41.413554000Z,-0.29537599999999997,0.785994,-0.5458959999999999,-117.23518399999999,19.139488,-47.865536
2020-07-28T09:34:41.433719000Z,-0.186405,0.199544,0.104406,-117.13799999999999,19.818018,-48.25548
2020-07-28T09:34:41.453885000Z,0.190211,-0.006749,0.379499,-117.55224,20.747346,-48.637256
2020-07-28T09:34:41.474049000Z,0.911339,-0.42208199999999996,0.424572,-118.09964,21.6483,-48.881172
2020-07-28T09:34:41.494215000Z,0.8392919999999999,-0.483844,0.47341999999999995,-118.365968,22.168046,-49.106804
2020-07-28T09:34:41.514381000Z,0.87385,-0.699614,0.706297,-118.150944,22.028323999999998,-49.208132
2020-07-28T09:34:41.534546000Z,1.015256,-1.1363809999999999,0.706955,-117.382336,21.038238,-49.038484
2020-07-28T09:34:41.554711000Z,0.481462,-0.868555,0.32012199999999996,-116.171112,19.274774,-48.582831999999996
2020-07-28T09:34:41.574876000Z,0.314091,-0.369342,0.001903,-114.777,17.180844,-48.056104
2020-07-28T09:34:41.595043000Z,0.138653,0.242441,-0.212034,-113.490656,15.334560999999999,-47.571847999999996
2020-07-28T09:34:41.615206000Z,-0.310882,0.745381,-0.7733669999999999,-112.716456,14.136498999999999,-47.235431999999996
2020-07-28T09:34:41.635372000Z,-0.7997369999999999,1.056149,-1.270247,-112.77383999999999,13.762519,-47.187216
2020-07-28T09:34:41.655537000Z,-0.436669,1.18134,-1.1892829999999999,-113.397472,14.281091,-47.444103999999996
2020-07-28T09:34:41.675703000Z,0.007115,1.5677619999999999,-0.97346,-114.22708,15.572915,-47.924872
2020-07-28T09:34:41.695868000Z,0.240413,1.755136,-0.832773,-115.068208,17.344724,-48.65616
2020-07-28T09:34:41.716034000Z,-0.106649,1.148631,-0.307016,-115.752392,19.280654,-49.446512
2020-07-28T09:34:41.736198000Z,-0.11814899999999999,-0.5298499999999999,0.8665309999999999,-116.056832,20.772296,-49.80432
2020-07-28T09:34:41.756364000Z,-0.136646,-1.449765,1.071205,-115.752736,21.10138,-49.578531999999996
2020-07-28T09:34:41.776530000Z,0.21073699999999998,-1.193289,0.706314,-114.883224,20.19583,-49.044543999999995
2020-07-28T09:34:41.796695000Z,0.6551199999999999,-0.8138219999999999,0.33245399999999997,-113.630304,18.52124,-48.40144
2020-07-28T09:34:41.816861000Z,0.823264,-0.629143,0.288244,-112.404984,16.746665999999998,-47.773883999999995
2020-07-28T09:34:41.837025000Z,0.528278,-0.023211,-0.176475,-111.76807199999999,15.503309999999999,-47.347235999999995
2020-07-28T09:34:41.857191000Z,0.38922999999999996,0.508852,-0.526701,-112.019752,15.173100999999999,-47.326088
2020-07-28T09:34:41.877357000Z,0.390715,0.935983,-0.684657,-112.86752,15.778621999999999,-47.665664
2020-07-28T09:34:41.897523000Z,0.108981,1.4354799999999999,-1.086666,-113.93327199999999,16.981901999999998,-48.236964
2020-07-28T09:34:41.917686000Z,-0.16833199999999998,0.873073,-0.23775,-114.68757599999999,18.285512,-48.903383999999996
2020-07-28T09:34:41.937853000Z,-0.270443,-0.127401,0.5502859999999999,-114.761528,18.961592,-49.16666
2020-07-28T09:34:41.958017000Z,-0.082895,-0.511373,0.715239,-114.226608,18.473492,-48.948859999999996
2020-07-28T09:34:41.978183000Z,0.104096,-0.591363,0.15181999999999998,-113.25029599999999,17.040186,-48.547903999999996
2020-07-28T09:34:41.998349000Z,0.027932,-0.44691,-0.15726199999999999,-112.16936,15.428111999999999,-48.082567999999995
2020-07-28T09:34:42.018514000Z,0.149316,-0.091102,-0.387605,-111.42188,14.339063,-47.785931999999995
2020-07-28T09:34:42.038678000Z,0.41950499999999996,0.419556,-0.546118,-111.345096,14.089246999999999,-47.846044
2020-07-28T09:34:42.058844000Z,0.541936,0.928198,-0.602722,-111.987456,14.737582999999999,-48.239563999999994
2020-07-28T09:34:42.079011000Z,0.123473,1.340681,-0.9375699999999999,-113.07465599999999,16.072509999999998,-48.88408
2020-07-28T09:34:42.099175000Z,-0.076084,1.145615,-0.7683329999999999,-114.173744,17.710494,-49.682452
2020-07-28T09:34:42.119341000Z,-0.472705,0.8568509999999999,-0.52669,-115.029,19.332522,-50.385016
2020-07-28T09:34:42.139505000Z,-0.34185499999999996,0.268996,0.130605,-115.665824,20.681995999999998,-50.905676
2020-07-28T09:34:42.159672000Z,0.148136,-0.338723,0.290139,-115.930976,21.582839999999997,-51.133551999999995
2020-07-28T09:34:42.179837000Z,0.484485,-0.652179,0.621753,-115.781544,21.884041999999997,-51.129148
2020-07-28T09:34:42.200001000Z,0.562804,-1.218402,1.011162,-115.23218399999999,21.430994,-50.901584
2020-07-28T09:34:42.220168000Z,0.70629,-1.308082,1.4096339999999998,-114.233592,20.171938,-50.420592
2020-07-28T09:34:42.240332000Z,0.7908769999999999,-0.969795,0.606696,-113.00623999999999,18.20646,-49.728108
2020-07-28T09:34:42.260500000Z,0.310525,-0.284344,-0.340298,-111.92103999999999,16.092377,-49.070215999999995
2020-07-28T09:34:42.280663000Z,0.07682499999999999,0.279766,-0.6127,-111.190552,14.528972999999999,-48.633399999999995
2020-07-28T09:34:42.300829000Z,0.254874,0.702139,-0.66143,-110.929672,13.76094,-48.499468
2020-07-28T09:34:42.320994000Z,0.479599,1.196677,-0.9715769999999999,-111.08120799999999,13.615210999999999,-48.80898
2020-07-28T09:34:42.341160000Z,0.104184,1.47207,-1.1879439999999999,-111.466,13.962622,-49.39864
2020-07-28T09:34:42.361325000Z,-0.483242,1.376042,-0.858803,-111.79863999999999,14.701108999999999,-49.992411999999995
2020-07-28T09:34:42.381491000Z,-0.661395,0.492232,-0.148828,-111.98395199999999,15.527009,-50.322764
2020-07-28T09:34:42.401656000Z,-0.24021599999999999,-0.126304,0.28629699999999997,-111.941344,16.062172,-50.331688
2020-07-28T09:34:42.421822000Z,0.45583799999999997,-0.45999999999999996,0.409113,-111.66691999999999,16.135351,-50.133232
2020-07-28T09:34:42.441987000Z,0.666968,-0.48833699999999997,0.21928,-111.28918399999999,15.855758,-49.955504
2020-07-28T09:34:42.462153000Z,0.541713,-0.492465,0.163071,-111.034728,15.503375,-49.868348
2020-07-28T09:34:42.482319000Z,0.19232,-0.214242,-0.113493,-111.03764799999999,15.344396999999999,-49.895112
2020-07-28T09:34:42.502484000Z,0.121447,0.129245,-0.237082,-111.268592,15.455122,-50.013467999999996
2020-07-28T09:34:42.522650000Z,0.110333,0.483853,-0.346896,-111.597776,15.745211,-50.176587999999995
2020-07-28T09:34:42.542815000Z,0.030392,0.735001,-0.35845099999999996,-111.909848,16.104971,-50.377959999999995
2020-07-28T09:34:42.562979000Z,0.009833,0.575268,-0.279262,-112.06667999999999,16.453899,-50.541543999999995
2020-07-28T09:34:42.583146000Z,0.054047,0.30455899999999997,-0.059958,-112.04345599999999,16.688253,-50.588964
2020-07-28T09:34:42.603310000Z,0.09991799999999999,0.12010699999999999,-0.121846,-111.90771199999999,16.772734,-50.557156
2020-07-28T09:34:42.623475000Z,0.144781,-0.023899999999999998,-0.071727,-111.69727999999999,16.780464,-50.521679999999996
2020-07-28T09:34:42.643641000Z,0.177902,-0.085037,-0.015759,-111.503536,16.774584,-50.484812
2020-07-28T09:34:42.663807000Z,0.242117,-0.07264,-0.009368,-111.3972,16.771759,-50.461456
2020-07-28T09:34:42.683972000Z,0.142695,-3.9e-05,-0.08559699999999999,-111.375416,16.758485999999998,-50.448992
2020-07-28T09:34:42.704138000Z,0.085453,0.055687999999999994,-0.185073,-111.357592,16.746325,-50.422712
2020-07-28T09:34:42.724303000Z,0.089054,0.121208,-0.11812099999999999,-111.31616,16.723796999999998,-50.376667999999995
2020-07-28T09:34:42.744469000Z,0.12223099999999999,0.15970199999999998,-0.058955999999999995,-111.283288,16.663135999999998,-50.312211999999995
2020-07-28T09:34:42.764634000Z,0.181302,0.24904199999999999,-0.16242399999999999,-111.235064,16.588888,-50.240396
2020-07-28T09:34:42.784800000Z,0.181703,0.31102599999999997,-0.21912199999999998,-111.17567199999999,16.547924,-50.194544
2020-07-28T09:34:42.804965000Z,0.138856,0.255856,-0.196488,-111.120352,16.570574,-50.183963999999996
2020-07-28T09:34:42.825129000Z,0.130797,0.18395499999999998,-0.267866,-111.06396,16.639032,-50.210052
2020-07-28T09:34:42.845295000Z,0.13980599999999999,0.10570099999999999,-0.175292,-110.986632,16.698149,-50.239984
2020-07-28T09:34:42.865460000Z,0.183062,0.145558,-0.129822,-110.872648,16.719960999999998,-50.252164
2020-07-28T09:34:42.885626000Z,0.186489,0.16519,-0.115274,-110.71558399999999,16.732678,-50.265032
2020-07-28T09:34:42.905791000Z,0.15256699999999998,0.20452499999999998,-0.200174,-110.510792,16.779135999999998,-50.272479999999995
2020-07-28T09:34:42.925957000Z,0.050713,0.222444,-0.189528,-110.32871999999999,16.855966,-50.258843999999996
2020-07-28T09:34:42.946122000Z,0.05395,0.139617,-0.153336,-110.18628799999999,16.942446,-50.253471999999995
2020-07-28T09:34:42.966288000Z,-0.045245,0.055616,-0.026535,-110.083912,17.018345999999998,-50.302547999999994
2020-07-28T09:34:42.986454000Z,-0.038203,-0.064769,-0.07325999999999999,-110.02589599999999,17.051074,-50.332988
2020-07-28T09:34:43.006619000Z,0.054043,-0.014376,-0.080367,-109.93490399999999,17.013189999999998,-50.321048
2020-07-28T09:34:43.026784000Z,0.22522599999999998,0.090987,-0.100462,-109.75578399999999,16.916468,-50.29112
2020-07-28T09:34:43.046950000Z,0.20698899999999998,0.20865899999999998,-0.182305,-109.505856,16.792254,-50.283876
2020-07-28T09:34:43.067114000Z,0.090363,0.29183,-0.22552,-109.20905599999999,16.676559,-50.324148
2020-07-28T09:34:43.087281000Z,-0.065367,0.34657699999999997,-0.356902,-108.883336,16.600355,-50.402288
2020-07-28T09:34:43.107445000Z,-0.11746,0.371029,-0.519504,-108.45496,16.604298,-50.475192
2020-07-28T09:34:43.127610000Z,-0.151054,0.5206,-0.501315,-107.863168,16.720276,-50.58282
2020-07-28T09:34:43.147776000Z,-0.090249,0.47431799999999996,-0.376589,-107.141256,16.905469999999998,-50.71938
2020-07-28T09:34:43.167941000Z,-0.003915,0.45334199999999997,-0.267918,-106.311184,17.117872,-50.875595999999994
2020-07-28T09:34:43.188107000Z,0.048520999999999995,0.35312499999999997,-0.45015099999999997,-105.306432,17.395614,-51.0182
2020-07-28T09:34:43.208272000Z,-0.40408499999999997,0.377785,-0.709827,-104.04915199999999,17.964334,-51.089692
2020-07-28T09:34:43.228438000Z,-0.916669,0.730305,-0.704973,-102.67855999999999,18.921604,-51.176756
2020-07-28T09:34:43.248604000Z,-0.977239,0.779111,-0.35107,-101.399872,20.142091999999998,-51.463052
2020-07-28T09:34:43.268769000Z,-0.731556,0.46196899999999996,-0.707959,-100.124208,21.732214,-51.863547999999994
2020-07-28T09:34:43.288935000Z,-0.12371099999999999,0.998755,-0.11784,-98.76388,23.672766,-52.454207999999994
2020-07-28T09:34:43.309100000Z,0.228408,0.991236,0.224105,-97.41853599999999,25.757275999999997,-53.358655999999996
2020-07-28T09:34:43.329264000Z,-0.078058,0.563846,-0.15650899999999998,-96.061816,28.015051999999997,-54.492276
2020-07-28T09:34:43.349431000Z,-0.9377249999999999,0.462223,-0.640915,-94.399056,30.669635999999997,-56.23544
2020-07-28T09:34:43.369595000Z,-0.499229,0.275381,-0.520133,-92.393952,33.751875999999996,-58.561136
2020-07-28T09:34:43.389762000Z,-0.278379,0.255557,-0.735603,-90.475544,36.986996,-61.265539999999994
2020-07-28T09:34:43.409926000Z,-0.18065,0.38544,-0.395069,-88.73482399999999,40.299195999999995,-64.218368
2020-07-28T09:34:43.430091000Z,-0.019829,0.45803,-0.278757,-86.861696,43.588288,-67.36823199999999
2020-07-28T09:34:43.450257000Z,0.139906,0.45151199999999997,-0.403597,-84.513424,46.73338,-70.95409599999999
2020-07-28T09:34:43.470422000Z,0.200619,0.523849,-0.47153799999999996,-81.60581599999999,49.54626,-75.09011199999999
2020-07-28T09:34:43.490588000Z,-0.010317,0.718846,-0.747911,-78.30494399999999,52.036151999999994,-79.720096
2020-07-28T09:34:43.510752000Z,0.544867,1.158127,-0.570152,-74.665432,54.347608,-85.057352
2020-07-28T09:34:43.530919000Z,0.73886,0.997346,-0.941847,-70.484928,56.559632,-91.27627199999999
2020-07-28T09:34:43.551083000Z,0.7160909999999999,1.15499,-1.589214,-65.57601199999999,58.656175999999995,-98.89821599999999
2020-07-28T09:34:43.571248000Z,0.8148449999999999,1.4126569999999998,-1.312911,-59.75376,60.647327999999995,-108.08519199999999
2020-07-28T09:34:43.591414000Z,0.716862,1.4329969999999999,-1.0595949999999998,-52.780912,62.447424,-118.719104
2020-07-28T09:34:43.611579000Z,0.550373,0.9380459999999999,-0.881394,-44.600196,63.849323999999996,-130.655912
2020-07-28T09:34:43.631745000Z,0.304116,0.848715,-0.7320439999999999,-35.470884,64.799492,-143.62896
2020-07-28T09:34:43.651910000Z,0.25077099999999997,0.721973,-0.9139109999999999,-25.255732,65.383896,-157.647328
2020-07-28T09:34:43.672076000Z,0.28898599999999997,0.607379,-0.8655299999999999,-14.095958,65.37198,-172.58424
2020-07-28T09:34:43.692242000Z,0.8199029999999999,0.6472,-0.954213,-3.031358,64.121764,172.61923199999998
2020-07-28T09:34:43.712407000Z,0.505763,1.1022239999999999,-0.947245,5.914613999999999,61.248535999999994,160.03904
2020-07-28T09:34:43.732573000Z,0.063539,1.159232,-0.739705,12.095949,57.035495999999995,150.312368
2020-07-28T09:34:43.752738000Z,-0.240839,0.517318,-0.448171,16.244187999999998,52.08804,142.841616
2020-07-28T09:34:43.772904000Z,-0.16827799999999998,-0.6861419999999999,0.532269,19.139276,47.112888,137.032288
2020-07-28T09:34:43.793069000Z,0.475247,-1.302741,0.890636,21.155514,42.753403999999996,132.720584
2020-07-28T09:34:43.813233000Z,0.34260599999999997,-0.8496859999999999,0.7852779999999999,22.781474,39.192488,129.567288
2020-07-28T09:34:43.833400000Z,0.223659,-0.670203,0.700274,24.32304,36.357492,127.04476
2020-07-28T09:34:43.853564000Z,0.368404,-0.635396,0.219551,25.5279,34.050908,124.986272
2020-07-28T09:34:43.873730000Z,0.083642,0.00030399999999999996,-0.16186899999999999,26.191208,31.939477999999998,123.393368
2020-07-28T09:34:43.893895000Z,-0.499656,0.592559,-0.7165819999999999,26.599429999999998,29.597602,121.86986399999999
2020-07-28T09:34:43.914061000Z,-0.19804,0.649095,-0.43355699999999997,26.981054,26.723488,120.291912
2020-07-28T09:34:43.934226000Z,-0.04265,0.09723799999999999,-0.6708379999999999,27.28456,23.419496,118.49968799999999
2020-07-28T09:34:43.954392000Z,-0.46020099999999997,-0.187446,-0.348062,27.238072,19.907154,116.70011199999999
2020-07-28T09:34:43.974557000Z,-0.21784599999999998,-0.311179,-0.129713,26.723917999999998,16.334989999999998,115.26131199999999
2020-07-28T09:34:43.994723000Z,-0.19321,-0.275339,0.045266,26.078666,13.16361,113.958224
2020-07-28T09:34:44.014889000Z,0.277324,-0.32256799999999997,0.29314799999999996,25.557194,10.551340999999999,112.97986399999999
2020-07-28T09:34:44.035054000Z,0.302903,-0.623914,0.320793,25.23229,8.686402,112.28187199999999
2020-07-28T09:34:44.055219000Z,-0.052607,-0.695175,0.396073,25.05513,7.741681,111.77604799999999
2020-07-28T09:34:44.075385000Z,-0.34180499999999997,-0.641494,0.242585,24.957092,7.48447,111.650352
2020-07-28T09:34:44.095549000Z,-0.380228,-0.327326,-0.15928299999999998,24.940666,7.583546999999999,111.63192
2020-07-28T09:34:44.115716000Z,-0.5544709999999999,-0.13744199999999998,-0.155321,25.054351999999998,7.733222,111.610608
2020-07-28T09:34:44.135880000Z,-0.704526,-0.160802,-0.308399,25.279235999999997,7.684660999999999,111.568928
2020-07-28T09:34:44.156047000Z,-0.549113,-0.132822,-0.44517999999999996,25.508682,7.419911,111.52259199999999
2020-07-28T09:34:44.176211000Z,-0.380948,-0.08984199999999999,-0.219292,25.598888,7.127013,111.52032799999999
2020-07-28T09:34:44.196376000Z,-0.19982899999999998,-0.281037,-0.206847,25.542016,6.934549,111.590712
2020-07-28T09:34:44.216542000Z,-0.09421299999999999,-0.36369199999999996,0.00838,25.450385999999998,6.91695,111.58395999999999
2020-07-28T09:34:44.236707000Z,-0.252068,-0.446638,-0.071987,25.447119999999998,7.020365,111.497992
2020-07-28T09:34:44.256873000Z,-0.274157,-0.269443,0.188653,25.564505999999998,7.234851,111.430696
2020-07-28T09:34:44.277039000Z,-0.338229,-0.19552,0.102364,25.764984,7.529768,111.595096
2020-07-28T09:34:44.297204000Z,-0.24692399999999998,-0.154854,-0.07893599999999999,25.979148,7.876608,111.767984
2020-07-28T09:34:44.317370000Z,-0.16877899999999998,0.0012929999999999999,-0.317598,26.195135999999998,8.180193,111.855032
2020-07-28T09:34:44.337535000Z,-0.097122,0.265827,-0.137704,26.370478,8.327373999999999,111.859664
2020-07-28T09:34:44.357701000Z,-0.045874,0.207719,-0.167539,26.433857999999997,8.290689,111.783208
2020-07-28T09:34:44.377866000Z,-0.107388,0.18581799999999998,0.015916,26.397892,8.109277,111.76903999999999
2020-07-28T09:34:44.398032000Z,-0.141014,-0.056608,-0.20940299999999998,26.298032,7.895276999999999,111.82860799999999
2020-07-28T09:34:44.418197000Z,-0.325094,0.076356,-0.338756,26.210086,7.674176999999999,111.898928
2020-07-28T09:34:44.438363000Z,-0.363301,0.020819999999999998,-0.352678,26.185616,7.4361429999999995,111.88627199999999
2020-07-28T09:34:44.458527000Z,-0.073071,-0.127294,-0.045749,26.180576,7.279770999999999,111.84263999999999
2020-07-28T09:34:44.478692000Z,-0.229573,-0.030824999999999998,0.056867999999999995,26.176233999999997,7.163654999999999,111.9236
2020-07-28T09:34:44.498858000Z,-0.2438,-0.101645,-0.280379,26.159699999999997,7.001805999999999,112.00101599999999
2020-07-28T09:34:44.519023000Z,-0.32776099999999997,-0.089007,-0.20674599999999999,26.097514,6.785365,112.072352
2020-07-28T09:34:44.539189000Z,-0.242109,-0.334214,-0.073711,26.003114,6.575816,112.1108
2020-07-28T09:34:44.559354000Z,-0.12263299999999999,-0.43705299999999997,-0.001197,25.922238,6.506537,112.11072
2020-07-28T09:34:44.579520000Z,-0.18371099999999999,-0.37333299999999997,-0.12277199999999999,25.932209999999998,6.581493999999999,112.022448
2020-07-28T09:34:44.599685000Z,-0.161316,-0.11290599999999999,0.023101,26.049889999999998,6.7346569999999994,111.85942399999999
2020-07-28T09:34:44.619851000Z,-0.289095,0.194064,0.007166,26.218971999999997,6.738487999999999,111.90478399999999
2020-07-28T09:34:44.640017000Z,-0.37111,0.319158,-0.727958,26.318939999999998,6.381066,111.828488
2020-07-28T09:34:44.660182000Z,-0.533273,0.27822199999999997,-0.7926799999999999,26.371938,5.499327999999999,111.45952799999999
2020-07-28T09:34:44.680348000Z,-0.020735,-0.028911,-0.343783,26.236425999999998,4.335901,110.83108
2020-07-28T09:34:44.700513000Z,0.098634,-0.48146999999999995,0.198956,25.855577999999998,3.4458699999999998,110.252072
2020-07-28T09:34:44.720679000Z,-0.036310999999999996,-1.118844,1.0840049999999999,25.523566,3.3045869999999997,110.15324799999999
2020-07-28T09:34:44.740844000Z,-0.08463899999999999,-1.313472,1.4909999999999999,25.684734,4.313127,110.8548
2020-07-28T09:34:44.761010000Z,-0.152827,-0.753278,0.8304929999999999,26.506785999999998,6.38892,112.23299999999999
2020-07-28T09:34:44.781175000Z,0.049173999999999995,0.566427,-1.191128,27.832562,8.884125,113.300944
2020-07-28T09:34:44.801339000Z,-0.497411,1.6535,-2.187471,29.131546,10.590354,113.21972799999999
2020-07-28T09:34:44.821505000Z,-1.05695,1.756832,-2.322883,29.802062,10.491377,111.985424
2020-07-28T09:34:44.841670000Z,-1.5084359999999999,0.713013,-0.9724029999999999,29.44674,8.492492,110.45987199999999
2020-07-28T09:34:44.861836000Z,-0.800694,-0.917663,0.153198,28.102885999999998,5.659707,109.40797599999999
2020-07-28T09:34:44.882001000Z,0.026196,-1.8521999999999998,2.049959,26.800136,3.5340849999999997,109.0724
2020-07-28T09:34:44.902167000Z,1.022168,-2.552358,2.261087,26.600044,3.485086,109.740088
2020-07-28T09:34:44.922332000Z,0.85014,-1.1202349999999999,1.282752,27.856692,5.693536,110.86644799999999
2020-07-28T09:34:44.942498000Z,0.218051,1.0738809999999999,-0.94716,29.838818,8.650011,111.582416
2020-07-28T09:34:44.962664000Z,-1.0844399999999998,2.694575,-2.289961,31.36346,10.267961,111.46696
2020-07-28T09:34:44.982829000Z,-1.6183379999999998,1.678793,-2.4355059999999997,31.565852,9.500744,110.850112
2020-07-28T09:34:45.002995000Z,-0.75005,0.384893,-0.672465,30.340667999999997,7.080831,110.26135199999999
2020-07-28T09:34:45.023160000Z,-0.042025,-0.803588,0.7674719999999999,28.732338,4.475239999999999,109.805584
2020-07-28T09:34:45.043326000Z,0.8620909999999999,-1.803413,1.664772,27.644668,3.030712,109.784736
2020-07-28T09:34:45.063491000Z,0.601553,-1.018479,1.314431,27.528992,3.281152,110.26816
2020-07-28T09:34:45.083655000Z,0.32056199999999996,0.31154899999999996,-0.40033599999999997,28.283686,4.564931,110.933584
2020-07-28T09:34:45.103822000Z,-0.167023,1.302174,-1.683776,29.001368,5.636235,111.07266399999999
2020-07-28T09:34:45.123986000Z,-0.622405,1.327554,-1.6644269999999999,28.912519999999997,5.551445,110.62659199999999
2020-07-28T09:34:45.144153000Z,-0.867657,0.257839,-0.41637799999999997,27.964768,4.372287,110.08587999999999
2020-07-28T09:34:45.164317000Z,-0.334713,-1.176177,1.0778459999999999,26.880841999999998,3.218558,109.975984
2020-07-28T09:34:45.184483000Z,0.491122,-1.713123,1.814344,26.505936,3.312789,110.47796
2020-07-28T09:34:45.204648000Z,0.333436,-0.9595049999999999,0.929229,27.196521999999998,4.906393,111.476952
2020-07-28T09:34:45.224814000Z,-0.043199,0.48086799999999996,-0.884498,28.45978,7.1045,112.296584
2020-07-28T09:34:45.244979000Z,-0.564344,1.60242,-2.0365189999999997,29.377754,8.485332,112.386152
2020-07-28T09:34:45.265145000Z,-1.162591,1.322365,-1.686786,29.315009999999997,8.151147,111.913128
2020-07-28T09:34:45.285310000Z,-0.5744119999999999,0.291137,-0.538783,28.290912,6.550012,111.32807199999999
2020-07-28T09:34:45.305476000Z,0.040666,-0.749806,0.888091,27.069028,4.866258,110.84322399999999
2020-07-28T09:34:45.325642000Z,0.602362,-1.749026,1.6201349999999999,26.472236,4.12847,110.84499199999999
2020-07-28T09:34:45.345807000Z,0.331511,-1.109843,1.2106409999999999,26.856484,4.829194,111.260256
2020-07-28T09:34:45.365973000Z,-0.004271,-0.146868,-0.049360999999999995,27.917892,6.246999,111.729664
2020-07-28T09:34:45.386138000Z,-0.44781899999999997,0.8694799999999999,-1.05182,28.830346,7.322363999999999,111.895512
2020-07-28T09:34:45.406304000Z,-0.6159749999999999,0.919468,-1.18759,29.008931999999998,7.422732,111.747312
2020-07-28T09:34:45.426469000Z,-0.334777,0.356331,-0.5621459999999999,28.479706,6.720694,111.463032
2020-07-28T09:34:45.446633000Z,-0.075862,-0.12204,0.044825,27.809838,5.857099,111.120976
2020-07-28T09:34:45.466800000Z,0.22173099999999998,-0.48213,0.320272,27.381548,5.3302179999999995,110.83376
2020-07-28T09:34:45.486964000Z,0.134107,-0.286585,0.23573,27.257804,5.268018,110.63353599999999
2020-07-28T09:34:45.507130000Z,-0.248891,-0.096449,-0.091541,27.296958,5.430515,110.52067199999999
2020-07-28T09:34:45.527295000Z,-0.420378,-0.016492,-0.200037,27.350008,5.585036,110.453648
2020-07-28T09:34:45.547461000Z,-0.42285799999999996,-0.04575,-0.273524,27.372177999999998,5.618196999999999,110.376792
2020-07-28T09:34:45.567626000Z,-0.277703,-0.148275,-0.30912999999999996,27.347768,5.611166,110.267112
2020-07-28T09:34:45.587792000Z,-0.26154,-0.214586,-0.216745,27.286354,5.674814,110.12768
2020-07-28T09:34:45.607957000Z,-0.303006,-0.231479,-0.146585,27.233818,5.840412,109.976064
2020-07-28T09:34:45.628123000Z,-0.354807,-0.012159,-0.128468,27.20168,6.057424,109.920904
2020-07-28T09:34:45.648288000Z,-0.48147399999999996,-0.010763,-0.322536,27.17879,6.160355,109.86889599999999
2020-07-28T09:34:45.668454000Z,-0.522632,-0.014103,-0.368467,27.174936,6.013456,109.78251999999999
2020-07-28T09:34:45.688620000Z,-0.342619,-0.127247,-0.341004,27.138702,5.70039,109.65237599999999
2020-07-28T09:34:45.708785000Z,-0.156034,-0.15481699999999998,-0.087214,27.059412,5.398592,109.49284
2020-07-28T09:34:45.728951000Z,-0.064788,-0.267839,0.10513,26.991892,5.254483,109.367184
2020-07-28T09:34:45.749116000Z,-0.18545199999999998,-0.321445,0.071522,26.995417999999997,5.274081,109.34552
2020-07-28T09:34:45.769282000Z,-0.34976999999999997,-0.078077,-0.10348099999999999,27.078698,5.361412,109.39999999999999
2020-07-28T09:34:45.789447000Z,-0.278476,-0.072409,-0.219051,27.194948,5.431083999999999,109.44463999999999
2020-07-28T09:34:45.809611000Z,-0.22336599999999998,-0.0069689999999999995,-0.150529,27.285196,5.470993,109.442408
2020-07-28T09:34:45.829778000Z,-0.16886299999999999,-0.037029,-0.22220099999999998,27.329458,5.490912,109.35718399999999
2020-07-28T09:34:45.849942000Z,-0.20811,0.077388,-0.133176,27.314989999999998,5.473358999999999,109.233448
2020-07-28T09:34:45.870108000Z,-0.22633999999999999,0.014086,-0.230631,27.244031999999997,5.392348999999999,109.137992
2020-07-28T09:34:45.890273000Z,-0.30444899999999997,-0.027569,-0.123497,27.139937999999997,5.257654,109.042576
2020-07-28T09:34:45.910439000Z,-0.166097,-0.16004,-0.045253999999999996,27.064453999999998,5.098967,108.940304
2020-07-28T09:34:45.930604000Z,-0.18992599999999998,-0.204061,-0.00033299999999999996,27.042544,4.973967,108.833536
2020-07-28T09:34:45.950770000Z,-0.24057099999999998,-0.268335,-0.00898,27.062006,4.925301999999999,108.761888
2020-07-28T09:34:45.970935000Z,-0.258631,-0.264611,-0.058261999999999994,27.11584,4.966527999999999,108.730712
2020-07-28T09:34:45.991101000Z,-0.263677,-0.178052,-0.106125,27.208726,5.05818,108.69968
2020-07-28T09:34:46.011266000Z,-0.231682,-0.061066999999999996,-0.07571599999999999,27.335392,5.142380999999999,108.639296
2020-07-28T09:34:46.031432000Z,-0.114355,-0.026277,-0.0153,27.463428,5.191892999999999,108.58836
2020-07-28T09:34:46.051598000Z,-0.169189,-0.082826,-0.031173,27.544178,5.235894,108.577952
2020-07-28T09:34:46.071763000Z,-0.141311,-0.15664599999999998,-0.035682,27.599995999999997,5.312266999999999,108.571344
2020-07-28T09:34:46.091929000Z,-0.153323,-0.151748,0.011949,27.66365,5.423165,108.588208
2020-07-28T09:34:46.112094000Z,-0.160432,-0.20479699999999998,0.11465099999999999,27.748759999999997,5.595903,108.63718399999999
2020-07-28T09:34:46.132260000Z,-0.14152099999999998,-0.316247,0.15029099999999998,27.859029999999997,5.896044,108.78012799999999
2020-07-28T09:34:46.152425000Z,-0.26536899999999997,-0.36749,0.24443099999999998,28.039327999999998,6.416688,109.12218399999999
2020-07-28T09:34:46.172589000Z,-0.32320299999999996,-0.378752,0.293854,28.394002,7.237042,109.76392
2020-07-28T09:34:46.192756000Z,-0.17532999999999999,-0.165551,-0.12949,29.02001,8.384761,110.618
2020-07-28T09:34:46.212920000Z,-0.153657,0.465727,-0.550622,29.721348,9.659334,111.405864
2020-07-28T09:34:46.233086000Z,-0.327765,1.153946,-1.1511419999999999,30.205474,10.490554,111.896688
2020-07-28T09:34:46.253251000Z,-0.8036939999999999,1.33751,-1.4735969999999998,30.244691999999997,10.169504,111.966088
2020-07-28T09:34:46.273417000Z,-0.8714109999999999,1.0035129999999999,-1.766694,29.634881999999998,8.568279,111.564528
2020-07-28T09:34:46.293582000Z,-0.641245,0.5106999999999999,-0.8456039999999999,28.406516,6.103306,110.779832
2020-07-28T09:34:46.313748000Z,0.153192,-0.684846,0.25582,26.87398,3.508498,109.88224
2020-07-28T09:34:46.333913000Z,0.456356,-1.507162,1.674388,25.497443999999998,1.6871559999999999,109.37778399999999
2020-07-28T09:34:46.354079000Z,0.538146,-1.767645,1.8321049999999999,24.811974,1.2738429999999998,109.72724799999999
2020-07-28T09:34:46.374244000Z,0.27069699999999997,-1.3483859999999999,1.654112,25.155714,2.34115,110.86734399999999
2020-07-28T09:34:46.394410000Z,-0.061780999999999996,-0.5413979999999999,0.535123,26.45122,4.547655,112.53047199999999
2020-07-28T09:34:46.414576000Z,-0.08176399999999999,0.826707,-1.523232,28.089199999999998,7.1366499999999995,113.623488
2020-07-28T09:34:46.434741000Z,-0.499527,1.547475,-2.567255,29.324189999999998,8.908589,113.401528
2020-07-28T09:34:46.454907000Z,-1.297313,1.6851669999999999,-1.915673,29.581184,8.847978,112.326008
2020-07-28T09:34:46.475072000Z,-1.072621,0.611418,-1.091159,28.664596,6.829275,111.19965599999999
2020-07-28T09:34:46.495238000Z,-0.5227729999999999,-0.43143699999999996,0.08922999999999999,27.037888,3.960129,110.34083199999999
2020-07-28T09:34:46.515404000Z,0.305326,-1.581796,1.627678,25.525738,1.630728,109.92759199999999
2020-07-28T09:34:46.535569000Z,0.861765,-1.8662969999999999,1.894199,24.913068,1.050572,110.1938
2020-07-28T09:34:46.555735000Z,0.430145,-1.0107329999999999,1.135966,25.627104,2.308074,110.937248
2020-07-28T09:34:46.575900000Z,0.06319799999999999,0.333252,-0.592159,27.14821,4.509048,111.58553599999999
2020-07-28T09:34:46.596066000Z,-0.49082699999999996,1.597397,-1.607476,28.50545,6.282908,111.69946399999999
2020-07-28T09:34:46.616231000Z,-1.032192,1.549089,-2.358056,28.908818,6.460821,111.217648
2020-07-28T09:34:46.636397000Z,-1.344012,0.862385,-1.217137,28.155534,4.846448,110.39384799999999
2020-07-28T09:34:46.656562000Z,-0.406084,-0.598977,0.30425399999999997,26.759946,2.481206,109.687872
2020-07-28T09:34:46.676728000Z,0.44581299999999996,-1.8344289999999999,1.9942229999999999,25.639315999999997,0.984494,109.633664
2020-07-28T09:34:46.696892000Z,0.9592339999999999,-1.9995319999999999,1.973506,25.659965999999997,1.5580969999999998,110.469776
2020-07-28T09:34:46.717059000Z,0.45216599999999996,-0.5296379999999999,0.9414159999999999,27.036617999999997,3.9547489999999996,111.68526399999999
2020-07-28T09:34:46.737223000Z,-0.073949,1.159035,-1.583396,28.826625999999997,6.79094,112.392736
2020-07-28T09:34:46.757390000Z,-1.485167,2.123294,-2.48378,29.995008,8.282407,112.2906
2020-07-28T09:34:46.777554000Z,-2.449026,1.2888169999999999,-1.6808029999999998,29.84407,7.5709219999999995,111.93336
2020-07-28T09:34:46.797719000Z,-0.9309339999999999,-0.47934,-0.183993,28.49918,5.5091149999999995,111.917408
2020-07-28T09:34:46.817885000Z,0.563839,-1.78305,1.690326,27.11434,3.854761,112.26111999999999
2020-07-28T09:34:46.838050000Z,1.2293399999999999,-2.241907,2.327519,26.758367999999997,4.023724,113.108048
2020-07-28T09:34:46.858216000Z,0.9796159999999999,-0.829128,1.091141,27.601879999999998,6.137091,114.48364799999999
2020-07-28T09:34:46.878382000Z,0.37698699999999996,1.11612,-1.038271,29.024022,8.763931999999999,115.468792
2020-07-28T09:34:46.898547000Z,-0.353306,2.103533,-2.183354,29.966721999999997,10.151363,115.565024
2020-07-28T09:34:46.918713000Z,-0.7881849999999999,1.551235,-1.589569,29.901866,9.506464,115.026872
2020-07-28T09:34:46.938878000Z,-0.37918599999999997,0.24642799999999998,-0.400066,28.995493999999997,7.633144,114.360264
2020-07-28T09:34:46.959044000Z,0.103294,-0.677562,0.8578169999999999,28.011585999999998,5.852418999999999,113.85237599999999
2020-07-28T09:34:46.979209000Z,0.457073,-1.003795,1.0085899999999999,27.439287999999998,5.025217,113.753968
2020-07-28T09:34:46.999375000Z,0.117084,-0.40032599999999996,0.493141,27.415125999999997,5.1723419999999996,113.98164
2020-07-28T09:34:47.019540000Z,-0.15821,0.179162,-0.402383,27.732211999999997,5.697541999999999,114.23960799999999
2020-07-28T09:34:47.039706000Z,-0.285839,0.441513,-0.7373839999999999,27.969939999999998,6.034854999999999,114.37041599999999
2020-07-28T09:34:47.059870000Z,-0.198097,0.284789,-0.6266269999999999,27.883422,5.990563,114.331272
2020-07-28T09:34:47.080037000Z,-0.191292,0.020012,-0.307289,27.605466,5.645334999999999,114.11207999999999
2020-07-28T09:34:47.100201000Z,-0.16380599999999998,-0.207902,-0.012742999999999999,27.323344,5.222232,113.813824
2020-07-28T09:34:47.120368000Z,-0.12058999999999999,-0.38537099999999996,0.14967,27.090588,4.908837,113.553072
2020-07-28T09:34:47.140532000Z,-0.227077,-0.35899899999999996,0.077698,26.933391999999998,4.7911209999999995,113.39103999999999
2020-07-28T09:34:47.160699000Z,-0.338296,-0.249942,-0.093025,26.87532,4.830545,113.308968
2020-07-28T09:34:47.180863000Z,-0.309108,-0.115947,-0.218808,26.910884,4.927352,113.215672
2020-07-28T09:34:47.201029000Z,-0.36558999999999997,-0.033527,-0.252473,26.955583999999998,4.973668,113.0826
2020-07-28T09:34:47.221194000Z,-0.349776,-0.119653,-0.270935,26.933694,4.918949,112.932256
2020-07-28T09:34:47.241360000Z,-0.353916,-0.14972,-0.18606799999999998,26.855776,4.824324,112.808184
2020-07-28T09:34:47.261525000Z,-0.315208,-0.17929099999999998,-0.155386,26.790875999999997,4.77215,112.72228
2020-07-28T09:34:47.281691000Z,-0.265163,-0.16544999999999999,-0.11767799999999999,26.789237999999997,4.800119,112.67755199999999
2020-07-28T09:34:47.301856000Z,-0.304386,-0.136512,-0.169706,26.823349999999998,4.8804989999999995,112.69224799999999
2020-07-28T09:34:47.322022000Z,-0.210176,-0.11311199999999999,-0.161111,26.857826,4.992737,112.723896
2020-07-28T09:34:47.342187000Z,-0.207249,-0.179346,-0.116848,26.885824,5.1445929999999995,112.76425599999999
2020-07-28T09:34:47.362353000Z,-0.22170499999999999,-0.162012,-0.08274999999999999,26.90442,5.368386,112.82725599999999
2020-07-28T09:34:47.382519000Z,-0.29986999999999997,-0.175147,-0.18305,26.92916,5.655495,112.933656
2020-07-28T09:34:47.402684000Z,-0.415529,0.008143,-0.18970299999999998,27.010755999999997,5.848495,113.042504
2020-07-28T09:34:47.422848000Z,-0.309261,-0.019044,-0.24051599999999998,27.106144,5.910838,113.11139999999999
2020-07-28T09:34:47.443015000Z,-0.172543,-0.170815,-0.075944,27.135706,5.944243999999999,113.18151999999999
2020-07-28T09:34:47.463179000Z,-0.084825,-0.178955,-0.027507999999999998,27.150585999999997,6.056867,113.2986
2020-07-28T09:34:47.483344000Z,-0.09447799999999999,-0.165036,-0.014209999999999999,27.21079,6.335532,113.468768
2020-07-28T09:34:47.503510000Z,-0.105934,-0.188488,0.073915,27.337661999999998,6.813193,113.719
2020-07-28T09:34:47.523675000Z,-0.029948,-0.309088,0.182381,27.548358,7.563575999999999,114.112888
2020-07-28T09:34:47.543841000Z,0.061473,-0.311467,0.362747,27.874788,8.709014,114.71209599999999
2020-07-28T09:34:47.564006000Z,0.020444,-0.413446,0.428313,28.320791999999997,10.291243999999999,115.616552
2020-07-28T09:34:47.584172000Z,0.148134,-0.414477,0.405115,28.885848,12.467201,116.90298399999999
2020-07-28T09:34:47.604338000Z,0.308809,-0.181147,0.29062499999999997,29.57666,15.394381999999998,118.530816
2020-07-28T09:34:47.624503000Z,0.491015,-0.03319,-0.104789,30.369585999999998,19.16815,120.383624
2020-07-28T09:34:47.644667000Z,0.44182899999999997,0.21953599999999998,-0.172201,31.088036,23.563882,122.180008
2020-07-28T09:34:47.664834000Z,0.341931,0.355749,-0.455835,31.537052,28.194332,123.981512
2020-07-28T09:34:47.684998000Z,0.373793,0.750177,-0.425067,31.510977999999998,32.817271999999996,125.901688
2020-07-28T09:34:47.705165000Z,0.319932,0.862514,-0.239358,30.918575999999998,37.121624,128.32200799999998
2020-07-28T09:34:47.725329000Z,0.423793,0.6813319999999999,-0.705347,29.64915,41.051756,131.185224
2020-07-28T09:34:47.745496000Z,0.967402,0.592985,-0.812661,27.67644,44.858052,134.338496
2020-07-28T09:34:47.765660000Z,1.277378,0.889407,0.673497,25.09649,48.701012,138.241296
2020-07-28T09:34:47.785826000Z,0.729412,0.7971349999999999,0.564608,22.500016,52.530068,143.111088
2020-07-28T09:34:47.805991000Z,1.084484,0.5569259999999999,-0.419755,19.648263999999998,56.545483999999995,148.412816
2020-07-28T09:34:47.826157000Z,1.33784,0.577749,-0.28399399999999997,15.293273,60.774612,154.85144
2020-07-28T09:34:47.846322000Z,1.1924839999999999,0.222462,-0.496247,7.7446779999999995,64.642892,164.046272
2020-07-28T09:34:47.866488000Z,1.105778,1.094174,0.961483,-3.41564,67.579624,176.863136
2020-07-28T09:34:47.886653000Z,0.719171,0.8970389999999999,0.067173,-16.836788,69.1874,-167.375216
2020-07-28T09:34:47.906819000Z,1.194955,0.609988,-0.083412,-31.005371999999998,69.336856,-150.71128
2020-07-28T09:34:47.926985000Z,1.2661419999999999,0.37887699999999996,-0.19323099999999999,-44.6631,68.033352,-134.782704
2020-07-28T09:34:47.947150000Z,1.370696,0.195485,-0.188487,-56.027592,65.406136,-121.339024
2020-07-28T09:34:47.967316000Z,1.1359439999999998,0.114607,-0.417481,-64.61666,61.839167999999994,-110.778296
2020-07-28T09:34:47.987481000Z,1.136155,0.849526,0.6349819999999999,-70.90207199999999,57.844248,-102.237552
2020-07-28T09:34:48.007647000Z,0.909059,0.7224229999999999,-0.054606999999999996,-75.405552,53.791351999999996,-94.930656
2020-07-28T09:34:48.027812000Z,0.88066,0.548026,-0.16414499999999999,-78.512704,49.729924,-88.86282399999999
2020-07-28T09:34:48.047978000Z,1.015453,0.471419,-0.219793,-80.770872,45.63232,-83.70500799999999
2020-07-28T09:34:48.068143000Z,1.2299499999999999,0.375299,-0.259303,-82.517696,41.390256,-79.22368
2020-07-28T09:34:48.088309000Z,1.395754,0.140211,-0.164135,-83.90596,36.933644,-75.22971199999999
2020-07-28T09:34:48.108474000Z,1.0890279999999999,0.424213,0.25283,-84.95631999999999,32.246258,-71.521136
2020-07-28T09:34:48.128640000Z,0.8028649999999999,0.8870159999999999,0.561025,-85.64836799999999,27.521468,-67.867216
2020-07-28T09:34:48.148804000Z,0.953561,0.47947599999999996,0.034144,-85.869632,22.875286,-64.283868
2020-07-28T09:34:48.168969000Z,0.6480049999999999,-0.000414,0.16042399999999998,-85.69412799999999,18.299699999999998,-60.835823999999995
2020-07-28T09:34:48.189135000Z,0.645378,0.101467,0.169948,-85.197608,13.833231999999999,-57.312355999999994
2020-07-28T09:34:48.209300000Z,0.269424,0.421234,0.11438999999999999,-84.342784,9.579021,-53.779976
2020-07-28T09:34:48.229466000Z,0.247581,0.58671,0.348325,-83.160704,5.703206,-50.118852
2020-07-28T09:34:48.249631000Z,0.095022,0.498782,0.021847,-81.60779199999999,2.34998,-46.221916
2020-07-28T09:34:48.269797000Z,-0.197218,0.7953429999999999,-0.898932,-79.754736,-0.37982699999999997,-42.347272
2020-07-28T09:34:48.289963000Z,-0.285286,1.0412379999999999,-1.136933,-78.0656,-2.6198159999999997,-39.002268
2020-07-28T09:34:48.310128000Z,-0.24204299999999998,0.649559,-0.6569969999999999,-76.697752,-4.620089999999999,-36.297807999999996
2020-07-28T09:34:48.330294000Z,-0.126654,0.613625,-0.41285499999999997,-75.4412,-6.3227329999999995,-33.874552
2020-07-28T09:34:48.350459000Z,-0.18658,0.658501,-0.715913,-73.961728,-7.448468999999999,-31.543248
2020-07-28T09:34:48.370625000Z,-0.004033999999999999,0.5632849999999999,-0.350997,-72.157752,-7.929049999999999,-29.270132
2020-07-28T09:34:48.390790000Z,0.15259599999999998,0.422463,-1.919914,-70.783256,-8.396128,-27.843411999999997
2020-07-28T09:34:48.410956000Z,0.548059,0.055375999999999995,1.13022,-70.037632,-9.315489999999999,-26.590353999999998
2020-07-28T09:34:48.431121000Z,0.103351,0.079178,-0.12567499999999998,-69.44376,-10.362594999999999,-25.224117999999997
2020-07-28T09:34:48.451287000Z,0.02967,0.165492,-0.7522249999999999,-68.871656,-11.265602999999999,-24.103804
2020-07-28T09:34:48.471453000Z,-0.123627,0.08100199999999999,-0.590629,-68.328184,-11.717753,-23.331191999999998
2020-07-28T09:34:48.491618000Z,-0.069442,-0.027521,-0.238946,-67.7846,-11.828351999999999,-22.800264
2020-07-28T09:34:48.511784000Z,-0.063815,-0.189753,0.156226,-67.251896,-11.899486999999999,-22.25676
2020-07-28T09:34:48.531949000Z,-0.017206,-0.210593,0.259849,-66.7162,-12.090864999999999,-21.610046
2020-07-28T09:34:48.552115000Z,-0.112024,-0.18534699999999998,0.400177,-66.111252,-12.446582,-20.710454
2020-07-28T09:34:48.572281000Z,-0.22738599999999998,-0.170645,0.8236279999999999,-65.502504,-13.211629,-19.341548
2020-07-28T09:34:48.592446000Z,-0.10489699999999999,-0.12506,0.12950899999999999,-64.8985,-14.244029999999999,-17.560931999999998
2020-07-28T09:34:48.612612000Z,-0.10754,-0.14451899999999998,-0.24103899999999998,-64.377816,-15.296890999999999,-15.872850999999999
2020-07-28T09:34:48.632777000Z,-0.26509,0.020132,-0.054733,-63.908227999999994,-16.246616,-14.428538
2020-07-28T09:34:48.652943000Z,-0.556265,-0.009120999999999999,0.169964,-63.577195999999994,-17.183747999999998,-13.281474999999999
2020-07-28T09:34:48.673108000Z,-0.6249199999999999,-0.123109,0.146207,-63.513752,-18.217952,-12.208941999999999
2020-07-28T09:34:48.693272000Z,-0.746535,-0.096715,-0.11622099999999999,-63.789536,-19.277286,-11.251479999999999
2020-07-28T09:34:48.713439000Z,-0.647027,-0.213248,-0.471001,-64.31322399999999,-20.137078,-10.652237
2020-07-28T09:34:48.733603000Z,-0.671272,-0.244363,-0.41575599999999996,-65.060424,-20.77411,-10.490767
2020-07-28T09:34:48.753769000Z,-0.550388,-0.097789,-0.060858999999999996,-65.99914,-21.318566,-10.348813
2020-07-28T09:34:48.773934000Z,-0.372417,0.140988,-0.413989,-66.98996799999999,-21.862102,-10.159343
2020-07-28T09:34:48.794100000Z,-0.14409,0.167931,-0.956567,-67.918736,-22.287779999999998,-10.039557
2020-07-28T09:34:48.814265000Z,-0.0009809999999999999,0.434981,-0.795321,-68.65124,-22.420724,-10.062781
2020-07-28T09:34:48.834431000Z,0.152296,0.826059,-0.984019,-69.316704,-22.285804,-10.215201
2020-07-28T09:34:48.854596000Z,0.169236,1.050683,-1.806052,-70.198224,-21.790689999999998,-10.746661999999999
2020-07-28T09:34:48.874762000Z,0.190984,0.869826,-1.311523,-71.361856,-21.069854,-11.754131
2020-07-28T09:34:48.894928000Z,0.22852299999999998,0.7033269999999999,-0.114146,-72.602088,-20.39554,-12.690526
2020-07-28T09:34:48.915093000Z,0.258719,0.47170999999999996,-0.125775,-73.847504,-19.759857999999998,-13.266509
2020-07-28T09:34:48.935259000Z,0.47969799999999996,0.440864,-0.9158259999999999,-75.12975999999999,-18.947328,-13.863240999999999
2020-07-28T09:34:48.955424000Z,0.44412399999999996,0.566151,-0.694762,-76.585512,-17.89395,-14.885050999999999
2020-07-28T09:34:48.975590000Z,0.21559,0.498168,-0.004755,-78.365072,-16.747873,-16.473558
2020-07-28T09:34:48.995755000Z,0.13064299999999998,0.21020699999999998,0.152667,-80.61405599999999,-15.57578,-18.48002
2020-07-28T09:34:49.015921000Z,0.34341499999999997,0.43316,-0.41389699999999996,-83.36256,-14.041075999999999,-20.837408
2020-07-28T09:34:49.036086000Z,0.5425329999999999,0.421242,-0.195848,-86.305128,-11.833628,-23.400679999999998
2020-07-28T09:34:49.056252000Z,0.661746,0.584695,-0.015707,-89.081608,-8.755946999999999,-25.918798
2020-07-28T09:34:49.076417000Z,0.697356,0.9547559999999999,-0.126476,-91.58188,-5.027572999999999,-28.349166
2020-07-28T09:34:49.096583000Z,0.615485,1.307062,-0.556163,-93.62159199999999,-0.6982659999999999,-30.60372
2020-07-28T09:34:49.116747000Z,0.508877,1.2544819999999999,-0.37360699999999997,-94.848584,4.211804,-32.513142
2020-07-28T09:34:49.136914000Z,0.471968,0.861227,0.435925,-95.177672,9.335922,-33.646932
2020-07-28T09:34:49.157078000Z,0.439965,0.5399809999999999,0.583235,-94.71484,14.112091999999999,-33.904312
2020-07-28T09:34:49.177245000Z,0.403987,0.7157279999999999,0.434519,-93.658008,18.207454,-33.59888
2020-07-28T09:34:49.197409000Z,0.153587,1.01273,0.24084999999999998,-92.25344799999999,21.549263999999997,-33.221852
2020-07-28T09:34:49.217575000Z,0.24262099999999998,0.8769889999999999,0.23927299999999999,-90.723424,24.184464,-33.216358
2020-07-28T09:34:49.237740000Z,0.24598899999999999,0.6700079999999999,0.32631,-89.162032,26.360063999999998,-33.725516
2020-07-28T09:34:49.257906000Z,0.32631699999999997,0.5659339999999999,0.081174,-87.58832,28.384922,-34.6441
2020-07-28T09:34:49.278071000Z,0.6404059999999999,0.163926,0.568072,-86.054632,30.399449999999998,-35.744448
2020-07-28T09:34:49.298237000Z,0.9331889999999999,-0.24029599999999998,0.9444809999999999,-84.510064,32.326637999999996,-36.750996
2020-07-28T09:34:49.318402000Z,0.748038,0.138687,0.7670779999999999,-82.849752,34.141264,-37.756651999999995
2020-07-28T09:34:49.338568000Z,0.467244,0.17974299999999999,0.49940599999999996,-81.123392,35.774172,-39.023696
2020-07-28T09:34:49.358733000Z,0.196178,0.289476,0.385883,-79.588576,37.135124,-40.576904
2020-07-28T09:34:49.378899000Z,0.37099699999999997,0.32958699999999996,0.612799,-78.26592,38.011692,-42.510856
2020-07-28T09:34:49.399065000Z,0.792828,0.018389,1.2410539999999999,-77.1756,38.280304,-44.263467999999996
2020-07-28T09:34:49.419230000Z,0.9343849999999999,-0.15067899999999998,1.425969,-76.404688,37.891452,-45.406444
2020-07-28T09:34:49.439396000Z,0.5254909999999999,-0.13519499999999998,0.831137,-75.957864,36.98464,-46.126335999999995
2020-07-28T09:34:49.459561000Z,0.17848999999999998,-0.07207999999999999,-0.062542,-75.644128,35.953095999999995,-46.872364
2020-07-28T09:34:49.479727000Z,0.101462,0.163355,-0.074554,-75.274816,35.050647999999995,-47.870543999999995
2020-07-28T09:34:49.499892000Z,-0.181881,0.047244999999999995,-0.013011,-74.727184,34.353843999999995,-48.919495999999995
2020-07-28T09:34:49.520058000Z,0.034134,-0.028075,-0.338235,-74.041448,33.743776,-50.087455999999996
2020-07-28T09:34:49.540223000Z,0.520261,0.088028,-0.28712299999999996,-73.451656,32.983799999999995,-51.781144
2020-07-28T09:34:49.560389000Z,0.44944799999999996,0.36994499999999997,0.022633,-73.164552,32.103733999999996,-53.89836
2020-07-28T09:34:49.580553000Z,-0.10227599999999999,0.18964399999999998,-0.627142,-73.09976,31.301388,-56.241816
2020-07-28T09:34:49.600720000Z,-0.6965709999999999,0.307867,-1.2682099999999998,-72.776848,30.900796,-58.727875999999995
2020-07-28T09:34:49.620884000Z,-0.584189,0.40268299999999996,-1.607456,-71.912488,30.957431999999997,-61.378764
2020-07-28T09:34:49.641051000Z,-0.48333699999999996,0.618455,-1.6499039999999998,-70.816048,31.185699999999997,-64.449608
2020-07-28T09:34:49.661215000Z,-0.23780099999999998,0.179061,-0.548338,-69.888832,31.364925999999997,-67.693512
2020-07-28T09:34:49.681382000Z,-0.10282999999999999,-0.121205,0.410336,-69.151832,31.417548,-70.40478399999999
2020-07-28T09:34:49.701546000Z,-0.096871,-0.182444,0.6218819999999999,-68.53652,31.25263,-72.328392
2020-07-28T09:34:49.721712000Z,0.041019,-0.13965,0.524399,-67.992768,30.819204,-73.52308
2020-07-28T09:34:49.741877000Z,0.11320699999999999,-0.129859,0.456258,-67.405952,30.114141999999998,-74.13068799999999
2020-07-28T09:34:49.762043000Z,0.341609,-0.19322699999999998,0.5970329999999999,-66.732452,29.065254,-74.291144
2020-07-28T09:34:49.782208000Z,0.526938,-0.465844,0.8965019999999999,-66.12299999999999,27.525418,-74.06510399999999
2020-07-28T09:34:49.802374000Z,0.275792,-0.329989,0.664264,-65.664672,25.706404,-73.49596
2020-07-28T09:34:49.822539000Z,0.0923,-0.020531,0.130552,-65.289728,24.061362,-72.697808
2020-07-28T09:34:49.842705000Z,0.063234,0.20698999999999998,-0.10017,-65.017616,22.730162,-71.84083199999999
2020-07-28T09:34:49.862871000Z,-0.005810999999999999,-0.051587,0.22930599999999998,-65.030692,21.537598,-70.92185599999999
2020-07-28T09:34:49.883036000Z,0.366235,-0.590769,0.721003,-65.137292,20.395694,-69.341568
2020-07-28T09:34:49.903202000Z,0.394949,-0.41667,1.473804,-65.04084,19.20382,-66.64484399999999
2020-07-28T09:34:49.923367000Z,0.691726,-0.398901,1.9353349999999998,-64.965768,17.627986,-62.65166
2020-07-28T09:34:49.943533000Z,0.885965,-0.262693,2.23638,-65.03428,15.543035,-57.383663999999996
2020-07-28T09:34:49.963698000Z,0.464117,0.435766,-0.367017,-65.435144,13.113629999999999,-51.634783999999996
2020-07-28T09:34:49.983864000Z,0.9451569999999999,-0.336009,0.043078,-66.614504,10.341363999999999,-46.503996
2020-07-28T09:34:50.004029000Z,1.06293,-0.282427,0.939936,-67.83874399999999,7.528251999999999,-41.294655999999996
2020-07-28T09:34:50.024195000Z,0.5052249999999999,0.12431099999999999,0.220521,-68.947056,5.035493,-36.226259999999996
2020-07-28T09:34:50.044360000Z,0.242675,0.17823699999999998,-0.373359,-69.94484,3.0195559999999997,-31.814992
2020-07-28T09:34:50.064526000Z,0.126653,0.018911,-1.374175,-70.880456,1.7132969999999998,-27.912485999999998
2020-07-28T09:34:50.084690000Z,-0.12079999999999999,0.096666,-1.0805719999999999,-71.658728,1.209371,-24.50744
2020-07-28T09:34:50.104857000Z,-0.301271,0.36915,-0.734866,-72.081296,1.443536,-21.403171999999998
2020-07-28T09:34:50.125021000Z,-0.023655,0.617576,-1.8741599999999998,-72.421888,2.17821,-18.979786
2020-07-28T09:34:50.145186000Z,-0.056138999999999994,0.290419,-1.278707,-73.071456,3.4831649999999996,-17.211018
2020-07-28T09:34:50.165353000Z,0.038009,0.510814,-0.392073,-74.08543999999999,5.503971,-15.620916
2020-07-28T09:34:50.185517000Z,-0.47547599999999995,0.8197479999999999,0.081449,-75.164216,8.309851,-13.7057
2020-07-28T09:34:50.205683000Z,-0.040888999999999995,1.136901,-2.962205,-75.794192,11.09832,-13.421686999999999
2020-07-28T09:34:50.225849000Z,-0.208536,1.269784,0.7760779999999999,-75.77412799999999,12.526591,-14.538730999999999
2020-07-28T09:34:50.246015000Z,0.065803,0.197353,0.5961799999999999,-75.289752,13.001577999999999,-14.966603999999998
2020-07-28T09:34:50.266180000Z,-0.38045799999999996,0.17354,-0.319701,-74.571168,13.174919,-14.521701
2020-07-28T09:34:50.286345000Z,-0.709988,0.160788,-0.874088,-74.053376,13.449698,-14.080620999999999
2020-07-28T09:34:50.306510000Z,-0.9363319999999999,-0.6458889999999999,-1.266652,-73.991824,14.308513999999999,-14.198196
2020-07-28T09:34:50.326677000Z,-1.206955,-0.034609,-1.0895409999999999,-74.49002399999999,16.077168999999998,-14.580634
2020-07-28T09:34:50.346842000Z,-0.603143,0.359429,-0.005481,-75.360096,18.27237,-15.161337999999999
2020-07-28T09:34:50.367008000Z,0.47309999999999997,0.99181,1.401356,-76.25308799999999,20.138859999999998,-15.521830999999999
2020-07-28T09:34:50.387172000Z,1.2144059999999999,-0.06990099999999999,0.6430669999999999,-76.80701599999999,20.709733999999997,-15.741937
2020-07-28T09:34:50.407338000Z,1.180586,-0.503276,1.441171,-76.767648,19.344844,-16.295277
2020-07-28T09:34:50.427504000Z,0.828116,-0.187183,1.8359569999999998,-76.310328,16.257880999999998,-17.042061999999998
2020-07-28T09:34:50.447670000Z,0.128383,-0.052279,0.749676,-75.785072,12.488717999999999,-17.43124
2020-07-28T09:34:50.467834000Z,0.012508,0.42056899999999997,-0.727637,-75.327336,9.480354,-17.268568
2020-07-28T09:34:50.488000000Z,-0.37019199999999997,0.5014069999999999,-0.9972209999999999,-75.113232,7.703225,-16.918698
2020-07-28T09:34:50.508166000Z,-0.048697,0.15548599999999999,-0.041336,-75.075448,6.9183319999999995,-16.471867
2020-07-28T09:34:50.528332000Z,0.143039,-0.06930599999999999,0.302056,-75.005768,6.485484,-16.360863
2020-07-28T09:34:50.548496000Z,-0.149854,-0.02447,0.484338,-74.932608,6.005468,-16.589738999999998
2020-07-28T09:34:50.568662000Z,-0.376721,-0.146098,0.603931,-75.016768,5.346286999999999,-16.687901
2020-07-28T09:34:50.588828000Z,-0.153951,-0.14824099999999998,0.09960999999999999,-75.161096,4.544551,-16.689322999999998
2020-07-28T09:34:50.608992000Z,-0.115837,-0.22192299999999998,0.012574,-75.216984,3.7814579999999998,-16.573746
2020-07-28T09:34:50.629158000Z,-0.221601,-0.185967,-0.032345,-75.120784,3.123554,-16.26215
2020-07-28T09:34:50.649324000Z,-0.161204,0.023721,-0.331154,-74.92992,2.561371,-15.962363999999999
2020-07-28T09:34:50.669490000Z,-0.253203,0.267036,-0.590503,-74.934904,2.3939969999999997,-15.676748
2020-07-28T09:34:50.689654000Z,-0.44217999999999996,0.127522,-0.702318,-75.225832,2.7705889999999997,-15.310939999999999
2020-07-28T09:34:50.709820000Z,-0.46068099999999995,-0.0070999999999999995,-0.224079,-75.69635199999999,3.580031,-14.914098999999998
2020-07-28T09:34:50.729985000Z,-0.01688,0.18115399999999998,-0.542404,-76.214992,4.8029589999999995,-14.882622
2020-07-28T09:34:50.750152000Z,0.094868,0.204239,0.323185,-76.57298399999999,5.92219,-15.376676
2020-07-28T09:34:50.770317000Z,-0.097912,-0.019756,0.5860219999999999,-76.732096,6.514946,-15.962594999999999
2020-07-28T09:34:50.790482000Z,-0.210397,-0.314339,0.552512,-76.716584,6.525608,-16.098822
2020-07-28T09:34:50.810647000Z,0.003181,-0.08318299999999999,0.572812,-76.475088,6.128483,-15.949988999999999
